,Unnamed: 0,index,id,PublicRemarks_x,Bathroom,Bedrooms,Sqft,Price,Type_x,Address,Longitude,Latitude,PostalCode,Id,MlsNumber,PublicRemarks_y,Type_y,Amenities,ArchitecturalStyle,ConstructedDate,HeatingType,BuiltIn,Parking1,Parking2,OwnershipType,MaintenanceFee,TaxAmount,PreviousClosePrice,PreviousSaleDate,image_1,image_2,image_3,image_4,image_5,image_6,image_7,image_8,image_9,image_10,image_11,image_12,image_13,image_14,image_15,image_16,image_17,image_18,image_19,image_20,image_21,image_22,image_23,image_24,image_25,image_26,image_27,image_28,image_29,image_30,image_31,image_32,image_33,image_34,image_35,image_36,image_37,image_38,image_39,image_40
0,0,29,27620395,"EXQUISITE CUSTOM-BUILT CRAFTSMAN STYLE HOME IN THE RARELY AVAILABLE and the most EXCLUSIVE RIVERDALE NEIGHBOURHOOD. Refined design and top-tier craftsmanship, using exceptional materials, cultivates a premium home that balances comfort with sophistication. Thoughtfully designed floor plan maximizes every inch of space with epic proportions. Expansive windows and soaring ceilings bring in an abundance of NATURAL LIGHT creating a warm and inviting ambiance. Enjoy a MASSIVE PRIVATE BACKYARD adorned with cherry blossoms and fruit trees, offering a serene oasis perfect for entertaining and unwinding in tranquility. This timeless masterpiece offers both LUXURY and ENDURING QUALITY for generations to come. (30562461)",6,5,5616,5699000,Single Family,"4191 WESTMINSTER HIGHWAY|Richmond, British Columbia V7C1B3",-123.178988,49.17023,V7C1B3,27620395,R2942066,"EXQUISITE CUSTOM-BUILT CRAFTSMAN STYLE HOME IN THE RARELY AVAILABLE and the most EXCLUSIVE RIVERDALE NEIGHBOURHOOD. Refined design and top-tier craftsmanship, using exceptional materials, cultivates a premium home that balances comfort with sophistication. Thoughtfully designed floor plan maximizes every inch of space with epic proportions. Expansive windows and soaring ceilings bring in an abundance of NATURAL LIGHT creating a warm and inviting ambiance. Enjoy a MASSIVE PRIVATE BACKYARD adorned with cherry blossoms and fruit trees, offering a serene oasis perfect for entertaining and unwinding in tranquility. This timeless masterpiece offers both LUXURY and ENDURING QUALITY for generations to come. (30562461)",House,N/A,2 Level,2009,"Hot Water, Radiant heat",2009,Garage,3,Freehold,N/A,"$11,148.46","$2,133,000",2014-08-08,https://cdn.realtor.ca/listing/TS638664332541570000/reb89/highres/6/R2942066_1.jpg,https://cdn.realtor.ca/listing/TS638664332541570000/reb89/highres/6/R2942066_2.jpg,https://cdn.realtor.ca/listing/TS638664332541570000/reb89/highres/6/R2942066_3.jpg,https://cdn.realtor.ca/listing/TS638664332541570000/reb89/highres/6/R2942066_4.jpg,https://cdn.realtor.ca/listing/TS638664332541570000/reb89/highres/6/R2942066_5.jpg,https://cdn.realtor.ca/listing/TS638664332541570000/reb89/highres/6/R2942066_6.jpg,https://cdn.realtor.ca/listing/TS638664332541570000/reb89/highres/6/R2942066_7.jpg,https://cdn.realtor.ca/listing/TS638664332541570000/reb89/highres/6/R2942066_8.jpg,https://cdn.realtor.ca/listing/TS638664332541570000/reb89/highres/6/R2942066_9.jpg,https://cdn.realtor.ca/listing/TS638664332541570000/reb89/highres/6/R2942066_10.jpg,https://cdn.realtor.ca/listing/TS638664332541570000/reb89/highres/6/R2942066_11.jpg,https://cdn.realtor.ca/listing/TS638664332541570000/reb89/highres/6/R2942066_12.jpg,https://cdn.realtor.ca/listing/TS638664332541570000/reb89/highres/6/R2942066_13.jpg,https://cdn.realtor.ca/listing/TS638664332541570000/reb89/highres/6/R2942066_14.jpg,https://cdn.realtor.ca/listing/TS638664332541570000/reb89/highres/6/R2942066_15.jpg,https://cdn.realtor.ca/listing/TS638664332541570000/reb89/highres/6/R2942066_16.jpg,https://cdn.realtor.ca/listing/TS638664332541570000/reb89/highres/6/R2942066_17.jpg,https://cdn.realtor.ca/listing/TS638664332541570000/reb89/highres/6/R2942066_18.jpg,https://cdn.realtor.ca/listing/TS638664332541570000/reb89/highres/6/R2942066_19.jpg,https://cdn.realtor.ca/listing/TS638664332541570000/reb89/highres/6/R2942066_20.jpg,https://cdn.realtor.ca/listing/TS638664332541570000/reb89/highres/6/R2942066_21.jpg,https://cdn.realtor.ca/listing/TS638664332541570000/reb89/highres/6/R2942066_22.jpg,https://cdn.realtor.ca/listing/TS638664332541570000/reb89/highres/6/R2942066_23.jpg,https://cdn.realtor.ca/listing/TS638664332541570000/reb89/highres/6/R2942066_24.jpg,https://cdn.realtor.ca/listing/TS638664332541570000/reb89/highres/6/R2942066_25.jpg,https://cdn.realtor.ca/listing/TS638664332541570000/reb89/highres/6/R2942066_26.jpg,https://cdn.realtor.ca/listing/TS638664332541570000/reb89/highres/6/R2942066_27.jpg,https://cdn.realtor.ca/listing/TS638664332541570000/reb89/highres/6/R2942066_28.jpg,https://cdn.realtor.ca/listing/TS638664332541570000/reb89/highres/6/R2942066_29.jpg,https://cdn.realtor.ca/listing/TS638664332541570000/reb89/highres/6/R2942066_30.jpg,https://cdn.realtor.ca/listing/TS638664332541570000/reb89/highres/6/R2942066_31.jpg,https://cdn.realtor.ca/listing/TS638664332541570000/reb89/highres/6/R2942066_32.jpg,https://cdn.realtor.ca/listing/TS638664332541570000/reb89/highres/6/R2942066_33.jpg,https://cdn.realtor.ca/listing/TS638664332541570000/reb89/highres/6/R2942066_34.jpg,https://cdn.realtor.ca/listing/TS638664332541570000/reb89/highres/6/R2942066_35.jpg,https://cdn.realtor.ca/listing/TS638664332541570000/reb89/highres/6/R2942066_36.jpg,https://cdn.realtor.ca/listing/TS638664332541570000/reb89/highres/6/R2942066_37.jpg,https://cdn.realtor.ca/listing/TS638664332541570000/reb89/highres/6/R2942066_38.jpg,https://cdn.realtor.ca/listing/TS638664332541570000/reb89/highres/6/R2942066_39.jpg,https://cdn.realtor.ca/listing/TS638664332541570000/reb89/highres/6/R2942066_40.jpg
1,1,28,27394653,"Exceptional luxury estate residence situated on a private 8359sf property. This stunning French Chateau style residence offers high standard of craftsmanship and exceptional materials. Greeted by stunning two-storey foyer that leads to the grand living and dining area for intimate gatherings or large-scale entertaining. Spacious high-ceiling paneled family room, fully equipped gourmet kitchen, Wok kitchen, large office/den, 5 bedrooms with ensuites, full sized floor to ceiling French doors open to incredible private garden. Exquisite neighbourhood, close to parks, shopping mall, Burnett Secondary, James Thompson Elementary, Spul'u'Kwuks Elementary. (30318338)",6,5,3757,3999000,Single Family,"6191 RIVERDALE DRIVE|Richmond, British Columbia V7C2E7",-123.17528,49.168408,V7C2E7,27394653,R2923685,"Exceptional luxury estate residence situated on a private 8359sf property. This stunning French Chateau style residence offers high standard of craftsmanship and exceptional materials. Greeted by stunning two-storey foyer that leads to the grand living and dining area for intimate gatherings or large-scale entertaining. Spacious high-ceiling paneled family room, fully equipped gourmet kitchen, Wok kitchen, large office/den, 5 bedrooms with ensuites, full sized floor to ceiling French doors open to incredible private garden. Exquisite neighbourhood, close to parks, shopping mall, Burnett Secondary, James Thompson Elementary, Spul'u'Kwuks Elementary. (30318338)",House,N/A,2 Level,2018,Radiant heat,2018,Garage,6,Freehold,N/A,"$8,829.59","$4,000,000",2018-06-28,https://cdn.realtor.ca/listing/TS638615805679600000/reb89/highres/5/R2923685_1.jpg,https://cdn.realtor.ca/listing/TS638615805679600000/reb89/highres/5/R2923685_2.jpg,https://cdn.realtor.ca/listing/TS638615805679600000/reb89/highres/5/R2923685_3.jpg,https://cdn.realtor.ca/listing/TS638615805679600000/reb89/highres/5/R2923685_4.jpg,https://cdn.realtor.ca/listing/TS638615805679600000/reb89/highres/5/R2923685_5.jpg,https://cdn.realtor.ca/listing/TS638615805679600000/reb89/highres/5/R2923685_6.jpg,https://cdn.realtor.ca/listing/TS638615805679600000/reb89/highres/5/R2923685_7.jpg,https://cdn.realtor.ca/listing/TS638615805679600000/reb89/highres/5/R2923685_8.jpg,https://cdn.realtor.ca/listing/TS638615805679600000/reb89/highres/5/R2923685_9.jpg,https://cdn.realtor.ca/listing/TS638615805679600000/reb89/highres/5/R2923685_10.jpg,https://cdn.realtor.ca/listing/TS638615805679600000/reb89/highres/5/R2923685_11.jpg,https://cdn.realtor.ca/listing/TS638615805679600000/reb89/highres/5/R2923685_12.jpg,https://cdn.realtor.ca/listing/TS638615805679600000/reb89/highres/5/R2923685_13.jpg,https://cdn.realtor.ca/listing/TS638615805679600000/reb89/highres/5/R2923685_14.jpg,https://cdn.realtor.ca/listing/TS638615805679600000/reb89/highres/5/R2923685_15.jpg,https://cdn.realtor.ca/listing/TS638615805679600000/reb89/highres/5/R2923685_16.jpg,https://cdn.realtor.ca/listing/TS638615805679600000/reb89/highres/5/R2923685_17.jpg,https://cdn.realtor.ca/listing/TS638615805679600000/reb89/highres/5/R2923685_18.jpg,https://cdn.realtor.ca/listing/TS638615805679600000/reb89/highres/5/R2923685_19.jpg,https://cdn.realtor.ca/listing/TS638615805679600000/reb89/highres/5/R2923685_20.jpg,https://cdn.realtor.ca/listing/TS638615805679600000/reb89/highres/5/R2923685_21.jpg,https://cdn.realtor.ca/listing/TS638615805679600000/reb89/highres/5/R2923685_22.jpg,https://cdn.realtor.ca/listing/TS638615805679600000/reb89/highres/5/R2923685_23.jpg,https://cdn.realtor.ca/listing/TS638615805679600000/reb89/highres/5/R2923685_24.jpg,https://cdn.realtor.ca/listing/TS638615805679600000/reb89/highres/5/R2923685_25.jpg,https://cdn.realtor.ca/listing/TS638615805679600000/reb89/highres/5/R2923685_26.jpg,https://cdn.realtor.ca/listing/TS638615805679600000/reb89/highres/5/R2923685_27.jpg,https://cdn.realtor.ca/listing/TS638615805679600000/reb89/highres/5/R2923685_28.jpg,https://cdn.realtor.ca/listing/TS638615805679600000/reb89/highres/5/R2923685_29.jpg,https://cdn.realtor.ca/listing/TS638615805679600000/reb89/highres/5/R2923685_30.jpg,https://cdn.realtor.ca/listing/TS638615805679600000/reb89/highres/5/R2923685_31.jpg,https://cdn.realtor.ca/listing/TS638615805679600000/reb89/highres/5/R2923685_32.jpg,https://cdn.realtor.ca/listing/TS638615805679600000/reb89/highres/5/R2923685_33.jpg,https://cdn.realtor.ca/listing/TS638615805679600000/reb89/highres/5/R2923685_34.jpg,https://cdn.realtor.ca/listing/TS638615805679600000/reb89/highres/5/R2923685_35.jpg,https://cdn.realtor.ca/listing/TS638615805679600000/reb89/highres/5/R2923685_36.jpg,https://cdn.realtor.ca/listing/TS638615805679600000/reb89/highres/5/R2923685_37.jpg,https://cdn.realtor.ca/listing/TS638615805679600000/reb89/highres/5/R2923685_38.jpg,https://cdn.realtor.ca/listing/TS638615805679600000/reb89/highres/5/R2923685_39.jpg,https://cdn.realtor.ca/listing/TS638615805679600000/reb89/highres/5/R2923685_40.jpg
2,2,27,27515328,"Proudly introduce this luxury house located in the famous Riverdale RI. Features 4078 sqft living area with very open space layout, high ceiling in foyer/living/family room. Elegant tile flooring throughout, large space media room, Kitchen with top-line appliances & cabinetry & island & wok kitchen. Upstairs ensuites master bdrm with sauna & balconies. 3-car garage + open available parking spaces. Beautiful landscaped backyard, good for entertaining. Close to golf club, Thompson Community Center, shopping mall. 5-minute drive to the Richmond Public Library and the Central Mall. Walking distance to schools. School catchments: Thomson Elementary & Burnett Sec. Has legal B&B license.Open House Nov 16(2-4)PM Saturday (30448928)",6,5,4078,3828000,Single Family,"6380 NO.1 ROAD|Richmond, British Columbia V7C1T3",-123.180683,49.166686,V7C1T3,27515328,R2933600,"Proudly introduce this luxury house located in the famous Riverdale RI. Features 4078 sqft living area with very open space layout, high ceiling in foyer/living/family room. Elegant tile flooring throughout, large space media room, Kitchen with top-line appliances & cabinetry & island & wok kitchen. Upstairs ensuites master bdrm with sauna & balconies. 3-car garage + open available parking spaces. Beautiful landscaped backyard, good for entertaining. Close to golf club, Thompson Community Center, shopping mall. 5-minute drive to the Richmond Public Library and the Central Mall. Walking distance to schools. School catchments: Thomson Elementary & Burnett Sec. Has legal B&B license.Open House Nov 16(2-4)PM Saturday (30448928)",House,N/A,2 Level,2017,"(Natural gas), Radiant heat",2017,Garage,6,Freehold,N/A,"$8,425.80","$2,521,905",2018-05-07,https://cdn.realtor.ca/listing/TS638640829474470000/reb89/highres/0/R2933600_1.jpg,https://cdn.realtor.ca/listing/TS638640829598100000/reb89/highres/0/R2933600_2.jpg,https://cdn.realtor.ca/listing/TS638640829474470000/reb89/highres/0/R2933600_3.jpg,https://cdn.realtor.ca/listing/TS638640829518030000/reb89/highres/0/R2933600_4.jpg,https://cdn.realtor.ca/listing/TS638640829488070000/reb89/highres/0/R2933600_5.jpg,https://cdn.realtor.ca/listing/TS638640829447330000/reb89/highres/0/R2933600_6.jpg,https://cdn.realtor.ca/listing/TS638640829474470000/reb89/highres/0/R2933600_7.jpg,https://cdn.realtor.ca/listing/TS638640829447330000/reb89/highres/0/R2933600_8.jpg,https://cdn.realtor.ca/listing/TS638640829474470000/reb89/highres/0/R2933600_9.jpg,https://cdn.realtor.ca/listing/TS638640829474500000/reb89/highres/0/R2933600_10.jpg,https://cdn.realtor.ca/listing/TS638640829474470000/reb89/highres/0/R2933600_11.jpg,https://cdn.realtor.ca/listing/TS638640829474570000/reb89/highres/0/R2933600_12.jpg,https://cdn.realtor.ca/listing/TS638640829498800000/reb89/highres/0/R2933600_13.jpg,https://cdn.realtor.ca/listing/TS638640829474430000/reb89/highres/0/R2933600_14.jpg,https://cdn.realtor.ca/listing/TS638640829517900000/reb89/highres/0/R2933600_15.jpg,https://cdn.realtor.ca/listing/TS638640829474500000/reb89/highres/0/R2933600_16.jpg,https://cdn.realtor.ca/listing/TS638640829518000000/reb89/highres/0/R2933600_17.jpg,https://cdn.realtor.ca/listing/TS638640829498830000/reb89/highres/0/R2933600_18.jpg,https://cdn.realtor.ca/listing/TS638640829517870000/reb89/highres/0/R2933600_19.jpg,https://cdn.realtor.ca/listing/TS638640829517800000/reb89/highres/0/R2933600_20.jpg,https://cdn.realtor.ca/listing/TS638640829517830000/reb89/highres/0/R2933600_21.jpg,https://cdn.realtor.ca/listing/TS638640829518030000/reb89/highres/0/R2933600_22.jpg,https://cdn.realtor.ca/listing/TS638640829498800000/reb89/highres/0/R2933600_23.jpg,https://cdn.realtor.ca/listing/TS638640829517830000/reb89/highres/0/R2933600_24.jpg,https://cdn.realtor.ca/listing/TS638640829517800000/reb89/highres/0/R2933600_25.jpg,https://cdn.realtor.ca/listing/TS638640829522600000/reb89/highres/0/R2933600_26.jpg,https://cdn.realtor.ca/listing/TS638640829522600000/reb89/highres/0/R2933600_27.jpg,https://cdn.realtor.ca/listing/TS638640829533700000/reb89/highres/0/R2933600_28.jpg,https://cdn.realtor.ca/listing/TS638640829517930000/reb89/highres/0/R2933600_29.jpg,https://cdn.realtor.ca/listing/TS638640829517830000/reb89/highres/0/R2933600_30.jpg,https://cdn.realtor.ca/listing/TS638640829518100000/reb89/highres/0/R2933600_31.jpg,https://cdn.realtor.ca/listing/TS638640829545230000/reb89/highres/0/R2933600_32.jpg,https://cdn.realtor.ca/listing/TS638640829518030000/reb89/highres/0/R2933600_33.jpg,https://cdn.realtor.ca/listing/TS638640829538530000/reb89/highres/0/R2933600_34.jpg,https://cdn.realtor.ca/listing/TS638640829522570000/reb89/highres/0/R2933600_35.jpg,https://cdn.realtor.ca/listing/TS638640829522570000/reb89/highres/0/R2933600_36.jpg,,,,
3,3,26,27619562,"This exquisite property offers a unique blend of luxury & versatility. Boasting 8 bedrooms & 10 bathrooms, this home features three separate dwellings, ideal for multi-generational living or income-generating investment. Upon entering, you will be greeted by a beautifully designed open concept living & dining area, perfect for both entertaining & intimate family gatherings. The gourmet kitchen, equipped with ample counter space, flows effortlessly into a charming patio-perfect for al fresco dining. A large flex space provides endless possibilities. Outdoor living is a dream at this property, with an expansive pool deck featuring a private pool, offering the perfect setting for summertime relaxation. Additional features include a recreation room, workshop, laundry room, garage, & carport. (30561430)",10,8,5008,3188000,Single Family,"4460 WESTMINSTER HIGHWAY|Richmond, British Columbia V7C1B5",-123.175932,49.170018,V7C1B5,,,,,,,,,,,,,,,,,,,,,,,,,,,,,,,,,,,,,,,,,,,,,,,,,,,,,,,,
4,4,25,27599816,"Exceptionally rare 21,000+ sqft lot featuring a stunning 7,000 sqft luxury mansion in the desirable Riverdale area. Showcasing top-quality craftsmanship, this home combines elegance with a functional layout. The grand living room boasts soaring ceilings and expansive windows, filling the space with natural light. The upper level offers five large bedrooms and a media room, while the main level includes a guest suite and a dedicated office. Open concept kitchen with a wok kitchen is outfitted with granite countertops, stainless steel appliances, and ample cabinetry. Radiant heating system, AC, and security system. Indoor swimming pool and a private tennis court. Thompson Elementary & Burnett Secondary. (30540321)",7,6,7107,2990000,Single Family,"5851 GIBBONS DRIVE|Richmond, British Columbia V7C2C6",-123.178154,49.171572,V7C2C6,27599816,R2940505,"Exceptionally rare 21,000+ sqft lot featuring a stunning 7,000 sqft luxury mansion in the desirable Riverdale area. Showcasing top-quality craftsmanship, this home combines elegance with a functional layout. The grand living room boasts soaring ceilings and expansive windows, filling the space with natural light. The upper level offers five large bedrooms and a media room, while the main level includes a guest suite and a dedicated office. Open concept kitchen with a wok kitchen is outfitted with granite countertops, stainless steel appliances, and ample cabinetry. Radiant heating system, AC, and security system. Indoor swimming pool and a private tennis court. Thompson Elementary & Burnett Secondary. (30540321)",House,N/A,2 Level,1994,"(Natural gas), Radiant heat",1994,Garage,9,Freehold,N/A,"$16,661.73","$2,168,000",2007-08-18,https://cdn.realtor.ca/listing/TS638659339412800000/reb89/highres/5/R2940505_1.jpg,https://cdn.realtor.ca/listing/TS638659339407500000/reb89/highres/5/R2940505_2.jpg,https://cdn.realtor.ca/listing/TS638659339407470000/reb89/highres/5/R2940505_3.jpg,https://cdn.realtor.ca/listing/TS638659339428470000/reb89/highres/5/R2940505_4.jpg,https://cdn.realtor.ca/listing/TS638659339431600000/reb89/highres/5/R2940505_5.jpg,https://cdn.realtor.ca/listing/TS638659339409600000/reb89/highres/5/R2940505_6.jpg,https://cdn.realtor.ca/listing/TS638659339475930000/reb89/highres/5/R2940505_7.jpg,https://cdn.realtor.ca/listing/TS638659339428470000/reb89/highres/5/R2940505_8.jpg,https://cdn.realtor.ca/listing/TS638659339407900000/reb89/highres/5/R2940505_9.jpg,https://cdn.realtor.ca/listing/TS638659339432000000/reb89/highres/5/R2940505_10.jpg,https://cdn.realtor.ca/listing/TS638659339476100000/reb89/highres/5/R2940505_11.jpg,https://cdn.realtor.ca/listing/TS638659339479330000/reb89/highres/5/R2940505_12.jpg,https://cdn.realtor.ca/listing/TS638659339429400000/reb89/highres/5/R2940505_13.jpg,https://cdn.realtor.ca/listing/TS638659339407930000/reb89/highres/5/R2940505_14.jpg,https://cdn.realtor.ca/listing/TS638659339407930000/reb89/highres/5/R2940505_15.jpg,https://cdn.realtor.ca/listing/TS638659339433630000/reb89/highres/5/R2940505_16.jpg,https://cdn.realtor.ca/listing/TS638659339407470000/reb89/highres/5/R2940505_17.jpg,https://cdn.realtor.ca/listing/TS638659339432000000/reb89/highres/5/R2940505_18.jpg,https://cdn.realtor.ca/listing/TS638659339428400000/reb89/highres/5/R2940505_19.jpg,https://cdn.realtor.ca/listing/TS638659339428600000/reb89/highres/5/R2940505_20.jpg,https://cdn.realtor.ca/listing/TS638659339431600000/reb89/highres/5/R2940505_21.jpg,https://cdn.realtor.ca/listing/TS638659339428570000/reb89/highres/5/R2940505_22.jpg,https://cdn.realtor.ca/listing/TS638659339428600000/reb89/highres/5/R2940505_23.jpg,https://cdn.realtor.ca/listing/TS638659339428400000/reb89/highres/5/R2940505_24.jpg,https://cdn.realtor.ca/listing/TS638659339428700000/reb89/highres/5/R2940505_25.jpg,https://cdn.realtor.ca/listing/TS638659339476130000/reb89/highres/5/R2940505_26.jpg,https://cdn.realtor.ca/listing/TS638659339428400000/reb89/highres/5/R2940505_27.jpg,https://cdn.realtor.ca/listing/TS638659339476000000/reb89/highres/5/R2940505_28.jpg,https://cdn.realtor.ca/listing/TS638659339428470000/reb89/highres/5/R2940505_29.jpg,https://cdn.realtor.ca/listing/TS638659339475830000/reb89/highres/5/R2940505_30.jpg,https://cdn.realtor.ca/listing/TS638659339479300000/reb89/highres/5/R2940505_31.jpg,https://cdn.realtor.ca/listing/TS638659339476100000/reb89/highres/5/R2940505_32.jpg,,,,,,,,
5,5,24,26924419,"VIEW, view, view, unobstructed view of the river and mountain, waterfront property, steps away from the riverside seawalk where you can enjoy a leisure walk, spacious layout with mortgage helper basement suite. Huge backyard, enjoy sunrise and sunset every day. Very livable house, hold and build later. (29809913)",4,5,2697,2980000,Single Family,"4140 RIVER ROAD|Richmond, British Columbia V7C1A2",-123.1794,49.173617,V7C1A2,26924419,R2885494,"VIEW, view, view, unobstructed view of the river and mountain, waterfront property, steps away from the riverside seawalk where you can enjoy a leisure walk, spacious layout with mortgage helper basement suite. Huge backyard, enjoy sunrise and sunset every day. Very livable house, hold and build later. (29809913)",House,N/A,2 Level,1981,"Forced air, (Natural gas)",1981,Garage,2,Freehold,N/A,"$7,918.18","$2,480,000",2022-04-26,https://cdn.realtor.ca/listing/TS638519900048530000/reb89/highres/4/R2885494_1.jpg,,,,,,,,,,,,,,,,,,,,,,,,,,,,,,,,,,,,,,,
6,6,23,27656784,"Nestled in the highly sought-after Terra Nova Neighbourhood, this spacious 5-bedroom home with a good-sized office offers the perfect balance of comfort and convenience.  Ideal for families, it's just a short stroll to a top-rated elementary school, making school runs a breeze.  Step inside to discover newer kitchen and flooring on the main floor, blending modern style with timeless functionality.  The bright, open layout is perfect for entertaining, while the office provides a quiet retreat for work or study.  The serene river view from the master bedroom corner window adds a touch of tranquility to your private oasis.  Golf entusiasts will love the proximity to a nearby golf course, while nature lovers can enjoy the beauty and outdoor activities the area offers. (30601574)",4,5,3533,2850000,Single Family,"3540 CORNWALL COURT|Richmond, British Columbia V7C5M7",-123.184402,49.173489,V7C5M7,27656784,R2944790,"Nestled in the highly sought-after Terra Nova Neighbourhood, this spacious 5-bedroom home with a good-sized office offers the perfect balance of comfort and convenience.  Ideal for families, it's just a short stroll to a top-rated elementary school, making school runs a breeze.  Step inside to discover newer kitchen and flooring on the main floor, blending modern style with timeless functionality.  The bright, open layout is perfect for entertaining, while the office provides a quiet retreat for work or study.  The serene river view from the master bedroom corner window adds a touch of tranquility to your private oasis.  Golf entusiasts will love the proximity to a nearby golf course, while nature lovers can enjoy the beauty and outdoor activities the area offers. (30601574)",House,N/A,2 Level,1992,(Natural gas),1992,Garage,4,Freehold,N/A,"$7,714.26","$2,178,000",2018-05-03,https://cdn.realtor.ca/listing/TS638672929025670000/reb89/highres/0/R2944790_1.jpg,,,,,,,,,,,,,,,,,,,,,,,,,,,,,,,,,,,,,,,
7,7,22,27114465,"This Beauty sits in the most desirable Terra Nova Area. Very Rare big lot that has  7,105 sf with 3,085 sq living area. North exposure. Functional layout. Grand stairs, skylight, chandeliers on open high foyer & living room. Spacious 3 bdrms upstairs with huge size for each bedroom. Bright with lots of natural lights. Radiant heat on both levels. Custom built 3 bedroom home by Summer field, interior by Martina Design. Extremely well kept and maintained home with air conditioning, built-in sound system, gourmet kitchen, Japanese garden, steam shower.  Renovated in year 2016.  Minutes Walk to schools of Spul'u'kwuk elementary and.Bennett secondary, close to Terra Nova Shopping mall, park, Quilchena Golf & Country Club, dyke. Open house Sunday Nov 17 (2-4PM) (30015045)",3,3,3085,2690000,Single Family,"5526 CORNWALL DRIVE|Richmond, British Columbia V7C5M8",-123.185258,49.172476,V7C5M8,27114465,R2900580,"This Beauty sits in the most desirable Terra Nova Area. Very Rare big lot that has  7,105 sf with 3,085 sq living area. North exposure. Functional layout. Grand stairs, skylight, chandeliers on open high foyer & living room. Spacious 3 bdrms upstairs with huge size for each bedroom. Bright with lots of natural lights. Radiant heat on both levels. Custom built 3 bedroom home by Summer field, interior by Martina Design. Extremely well kept and maintained home with air conditioning, built-in sound system, gourmet kitchen, Japanese garden, steam shower.  Renovated in year 2016.  Minutes Walk to schools of Spul'u'kwuk elementary and.Bennett secondary, close to Terra Nova Shopping mall, park, Quilchena Golf & Country Club, dyke. Open house Sunday Nov 17 (2-4PM) (30015045)",House,N/A,2 Level,1992,"(Natural gas), Radiant heat",1992,Garage,N/A,Freehold,N/A,"$7,081.15","$850,085",2007-04-28,https://cdn.realtor.ca/listing/TS638555324632400000/reb89/highres/0/R2900580_1.jpg,https://cdn.realtor.ca/listing/TS638555324632400000/reb89/highres/0/R2900580_2.jpg,https://cdn.realtor.ca/listing/TS638555324632400000/reb89/highres/0/R2900580_3.jpg,https://cdn.realtor.ca/listing/TS638555324632400000/reb89/highres/0/R2900580_4.jpg,https://cdn.realtor.ca/listing/TS638555324632400000/reb89/highres/0/R2900580_5.jpg,https://cdn.realtor.ca/listing/TS638555324632400000/reb89/highres/0/R2900580_6.jpg,https://cdn.realtor.ca/listing/TS638555324632400000/reb89/highres/0/R2900580_7.jpg,https://cdn.realtor.ca/listing/TS638555324632400000/reb89/highres/0/R2900580_8.jpg,https://cdn.realtor.ca/listing/TS638555324632400000/reb89/highres/0/R2900580_9.jpg,https://cdn.realtor.ca/listing/TS638555324632400000/reb89/highres/0/R2900580_10.jpg,https://cdn.realtor.ca/listing/TS638555324632400000/reb89/highres/0/R2900580_11.jpg,https://cdn.realtor.ca/listing/TS638555324632400000/reb89/highres/0/R2900580_12.jpg,https://cdn.realtor.ca/listing/TS638555324632400000/reb89/highres/0/R2900580_13.jpg,https://cdn.realtor.ca/listing/TS638555324632400000/reb89/highres/0/R2900580_14.jpg,https://cdn.realtor.ca/listing/TS638555324632400000/reb89/highres/0/R2900580_15.jpg,https://cdn.realtor.ca/listing/TS638555324632400000/reb89/highres/0/R2900580_16.jpg,https://cdn.realtor.ca/listing/TS638555324632400000/reb89/highres/0/R2900580_17.jpg,https://cdn.realtor.ca/listing/TS638555324632400000/reb89/highres/0/R2900580_18.jpg,https://cdn.realtor.ca/listing/TS638555324632400000/reb89/highres/0/R2900580_19.jpg,https://cdn.realtor.ca/listing/TS638555324632400000/reb89/highres/0/R2900580_20.jpg,https://cdn.realtor.ca/listing/TS638555324632400000/reb89/highres/0/R2900580_21.jpg,https://cdn.realtor.ca/listing/TS638555324632400000/reb89/highres/0/R2900580_22.jpg,https://cdn.realtor.ca/listing/TS638555324632400000/reb89/highres/0/R2900580_23.jpg,,,,,,,,,,,,,,,,,
8,8,21,27325734,"Custom built home located in desirable area Terra Nova , Richmond. Very well kept. High ceiling at the foyer and living room. Well maintained home features 5 bdrms & 4.5 baths in very good condition.  4 bedrooms and 3 bathrooms above, 1 bedroom with full bathroom on main. Spacious recently renovated kitchen with wok kitchen and appliances .  Landscaping with in ground sprinkler system.  School catchment: Spul'u'Kwuks Elem & J .N. Burnett Secondary .  Steps to Terra Nova shopping mall, park , Quilchena Golf club, Save-on-food supermarket , restaurants and some retailers. (30243610)",5,5,2756,2680000,Single Family,"6280 DUNSMUIR CRESCENT|Richmond, British Columbia V7C5R6",-123.185962,49.166408,V7C5R6,27325734,R2917876,"Custom built home located in desirable area Terra Nova , Richmond. Very well kept. High ceiling at the foyer and living room. Well maintained home features 5 bdrms & 4.5 baths in very good condition.  4 bedrooms and 3 bathrooms above, 1 bedroom with full bathroom on main. Spacious recently renovated kitchen with wok kitchen and appliances .  Landscaping with in ground sprinkler system.  School catchment: Spul'u'Kwuks Elem & J .N. Burnett Secondary .  Steps to Terra Nova shopping mall, park , Quilchena Golf club, Save-on-food supermarket , restaurants and some retailers. (30243610)",House,N/A,2 Level,1998,"(Natural gas), Radiant heat",1998,Garage,4,Freehold,N/A,"$6,954.09","$1,600,000",2015-07-07,https://cdn.realtor.ca/listing/TS638600180694470000/reb89/highres/6/R2917876_1.jpg,https://cdn.realtor.ca/listing/TS638600180694470000/reb89/highres/6/R2917876_2.jpg,https://cdn.realtor.ca/listing/TS638600180694470000/reb89/highres/6/R2917876_3.jpg,https://cdn.realtor.ca/listing/TS638600180694470000/reb89/highres/6/R2917876_4.jpg,https://cdn.realtor.ca/listing/TS638600180694470000/reb89/highres/6/R2917876_5.jpg,https://cdn.realtor.ca/listing/TS638600180694470000/reb89/highres/6/R2917876_6.jpg,https://cdn.realtor.ca/listing/TS638600180694470000/reb89/highres/6/R2917876_7.jpg,https://cdn.realtor.ca/listing/TS638600180694470000/reb89/highres/6/R2917876_8.jpg,https://cdn.realtor.ca/listing/TS638600180694470000/reb89/highres/6/R2917876_9.jpg,https://cdn.realtor.ca/listing/TS638600180694470000/reb89/highres/6/R2917876_10.jpg,https://cdn.realtor.ca/listing/TS638600180694470000/reb89/highres/6/R2917876_11.jpg,https://cdn.realtor.ca/listing/TS638600180694470000/reb89/highres/6/R2917876_12.jpg,https://cdn.realtor.ca/listing/TS638600180694470000/reb89/highres/6/R2917876_13.jpg,https://cdn.realtor.ca/listing/TS638600180694470000/reb89/highres/6/R2917876_14.jpg,https://cdn.realtor.ca/listing/TS638600180694470000/reb89/highres/6/R2917876_15.jpg,https://cdn.realtor.ca/listing/TS638600180694470000/reb89/highres/6/R2917876_16.jpg,https://cdn.realtor.ca/listing/TS638600180694470000/reb89/highres/6/R2917876_17.jpg,https://cdn.realtor.ca/listing/TS638600180694470000/reb89/highres/6/R2917876_18.jpg,https://cdn.realtor.ca/listing/TS638600180694470000/reb89/highres/6/R2917876_19.jpg,https://cdn.realtor.ca/listing/TS638600180694470000/reb89/highres/6/R2917876_20.jpg,https://cdn.realtor.ca/listing/TS638600180694470000/reb89/highres/6/R2917876_21.jpg,https://cdn.realtor.ca/listing/TS638600180694470000/reb89/highres/6/R2917876_22.jpg,https://cdn.realtor.ca/listing/TS638600180694470000/reb89/highres/6/R2917876_23.jpg,https://cdn.realtor.ca/listing/TS638600180694470000/reb89/highres/6/R2917876_24.jpg,,,,,,,,,,,,,,,,
9,9,20,26828540,"Rarely available over 10,000 square ft rectangular lot (67 x 150) in much sought after Gibbons Drive in the Prestigious Riverdale Area .This lovely neighbourhood has many multi million dollar homes, and just steps away from the serene and scenic River Road and North Dyke Trail. No easement on property as per title. Home has been lovingly cared for and never been in the market before. Hold on as investment or build your dream home. School Catchment - Thompson Elementary and Burnett Secondary. 5 mins Drive to Quilchena Golf and Country Club, Terra Nova Nature Park, Olympic Oval, Richmond Center, Canada Line and easy access to airport and downtown Vancouver. (29706046)",2,3,1673,2599000,Single Family,"5900 GIBBONS DRIVE|Richmond, British Columbia V7C2C7",-123.17784,49.170933,V7C2C7,,,,,,,,,,,,,,,,,,,,,,,,,,,,,,,,,,,,,,,,,,,,,,,,,,,,,,,,
10,10,19,25927998,"Beautiful home is located right next to the exclusive Quilchena Golf Club in Terra Nova. Comfortable 4 bedrooms+ Den, Huge Master bdrm with 5'10 X 10' walk-in closet, high ceiling at Family Room, stainless steel appliances, granite countertops, wok kitchen, Close to schools, shopping centre and dyke trails for evening walks & bike ride. (28733705)",4,5,2800,2588888,Single Family,"3351 POINT AVENUE|Richmond, British Columbia V7C5W8",-123.189964,49.166504,V7C5W8,,,,,,,,,,,,,,,,,,,,,,,,,,,,,,,,,,,,,,,,,,,,,,,,,,,,,,,,
11,11,18,27517815,"Terra Nova well-kept spacious 3,291 square ft functional floor plan with 6 bedrooms with 4 full baths, One Bedroom and Full Bathroom on Main floor which is good for guest suite or In-Law suite. The living room has 11'6"" high ceiling and the grand foyer has 16' high ceiling with lots of skylight. Extra large double garage. Lots of renovations done in recent years, including new kitchen with high end stainless steel appliances, Wolf 5 burner gas cooktop, Thermador build-in oven, Viking Professional fridge, Miele dishwasher, tankless hot water on demand, new roof, all bathrooms on 2nd floor, new exterior painting etc. Walk to Dyke, nature park, shopping, restaurants, Spul'u'Kwuks elementary and Bennett Secondary catchment. (30451536)",4,6,3291,2528000,Single Family,"5600 CORNWALL DRIVE|Richmond, British Columbia V7C5M8",-123.181491,49.171884,V7C5M8,27517815,R2933721,"Terra Nova well-kept spacious 3,291 square ft functional floor plan with 6 bedrooms with 4 full baths, One Bedroom and Full Bathroom on Main floor which is good for guest suite or In-Law suite. The living room has 11'6"" high ceiling and the grand foyer has 16' high ceiling with lots of skylight. Extra large double garage. Lots of renovations done in recent years, including new kitchen with high end stainless steel appliances, Wolf 5 burner gas cooktop, Thermador build-in oven, Viking Professional fridge, Miele dishwasher, tankless hot water on demand, new roof, all bathrooms on 2nd floor, new exterior painting etc. Walk to Dyke, nature park, shopping, restaurants, Spul'u'Kwuks elementary and Bennett Secondary catchment. (30451536)",House,N/A,2 Level,1992,Radiant heat,1992,Garage,2,Freehold,N/A,"$6,676.61","$2,320,000",2023-03-30,https://cdn.realtor.ca/listing/TS638639966204100000/reb89/highres/1/R2933721_1.jpg,https://cdn.realtor.ca/listing/TS638639966210470000/reb89/highres/1/R2933721_2.jpg,https://cdn.realtor.ca/listing/TS638639966275300000/reb89/highres/1/R2933721_3.jpg,https://cdn.realtor.ca/listing/TS638639966234800000/reb89/highres/1/R2933721_4.jpg,https://cdn.realtor.ca/listing/TS638639966234870000/reb89/highres/1/R2933721_5.jpg,https://cdn.realtor.ca/listing/TS638639966234800000/reb89/highres/1/R2933721_6.jpg,https://cdn.realtor.ca/listing/TS638639966234830000/reb89/highres/1/R2933721_7.jpg,https://cdn.realtor.ca/listing/TS638639966204100000/reb89/highres/1/R2933721_8.jpg,https://cdn.realtor.ca/listing/TS638639966251170000/reb89/highres/1/R2933721_9.jpg,https://cdn.realtor.ca/listing/TS638639966148430000/reb89/highres/1/R2933721_10.jpg,https://cdn.realtor.ca/listing/TS638639966204100000/reb89/highres/1/R2933721_11.jpg,https://cdn.realtor.ca/listing/TS638639966207470000/reb89/highres/1/R2933721_12.jpg,https://cdn.realtor.ca/listing/TS638639966234870000/reb89/highres/1/R2933721_13.jpg,https://cdn.realtor.ca/listing/TS638639966185270000/reb89/highres/1/R2933721_14.jpg,https://cdn.realtor.ca/listing/TS638639966185270000/reb89/highres/1/R2933721_15.jpg,https://cdn.realtor.ca/listing/TS638639966210570000/reb89/highres/1/R2933721_16.jpg,https://cdn.realtor.ca/listing/TS638639966207470000/reb89/highres/1/R2933721_17.jpg,https://cdn.realtor.ca/listing/TS638639966204100000/reb89/highres/1/R2933721_18.jpg,https://cdn.realtor.ca/listing/TS638639966185270000/reb89/highres/1/R2933721_19.jpg,https://cdn.realtor.ca/listing/TS638639966204100000/reb89/highres/1/R2933721_20.jpg,https://cdn.realtor.ca/listing/TS638639966183370000/reb89/highres/1/R2933721_21.jpg,https://cdn.realtor.ca/listing/TS638639966204100000/reb89/highres/1/R2933721_22.jpg,https://cdn.realtor.ca/listing/TS638639966183370000/reb89/highres/1/R2933721_23.jpg,https://cdn.realtor.ca/listing/TS638639966234830000/reb89/highres/1/R2933721_24.jpg,https://cdn.realtor.ca/listing/TS638639966246470000/reb89/highres/1/R2933721_25.jpg,https://cdn.realtor.ca/listing/TS638639966183370000/reb89/highres/1/R2933721_26.jpg,https://cdn.realtor.ca/listing/TS638639966275330000/reb89/highres/1/R2933721_27.jpg,https://cdn.realtor.ca/listing/TS638639966234830000/reb89/highres/1/R2933721_28.jpg,https://cdn.realtor.ca/listing/TS638639966183330000/reb89/highres/1/R2933721_29.jpg,https://cdn.realtor.ca/listing/TS638639966210470000/reb89/highres/1/R2933721_30.jpg,https://cdn.realtor.ca/listing/TS638639966183370000/reb89/highres/1/R2933721_31.jpg,https://cdn.realtor.ca/listing/TS638639966234900000/reb89/highres/1/R2933721_32.jpg,https://cdn.realtor.ca/listing/TS638639966234800000/reb89/highres/1/R2933721_33.jpg,https://cdn.realtor.ca/listing/TS638639966282470000/reb89/highres/1/R2933721_34.jpg,https://cdn.realtor.ca/listing/TS638639966234830000/reb89/highres/1/R2933721_35.jpg,https://cdn.realtor.ca/listing/TS638639966235830000/reb89/highres/1/R2933721_36.jpg,https://cdn.realtor.ca/listing/TS638639966235800000/reb89/highres/1/R2933721_37.jpg,https://cdn.realtor.ca/listing/TS638639966246470000/reb89/highres/1/R2933721_38.jpg,https://cdn.realtor.ca/listing/TS638639966282470000/reb89/highres/1/R2933721_39.jpg,https://cdn.realtor.ca/listing/TS638639966235830000/reb89/highres/1/R2933721_40.jpg
12,12,17,27409285,"Located in desirable TERRA NOVA neighborhood, this quality built North/South facing home is a must see! Featuring 5 bedrooms and 3 bathrooms, 3,293 square ft living space. Spacious layout with high ceilings in living /dining/foyer areas, updated kitchen and bathrooms, stainless steel appliances, granite countertop. Renovated in 2023, new laminate flooring, new painting and ETC. Gated private front yard, spacious sunny backyard perfect for entertaining family and friends. radiant floor heating. Close to Terra Nova Park, Quilchena Golf and Country Club, Terra Nova shopping mall , transit Walking distance to preferred Schools. Won't last, be quick! (30334460)",3,5,3293,2499000,Single Family,"5557 CORNWALL DRIVE|Richmond, British Columbia V7C5M8",-123.183348,49.171369,V7C5M8,27409285,R2925175,"Located in desirable TERRA NOVA neighborhood, this quality built North/South facing home is a must see! Featuring 5 bedrooms and 3 bathrooms, 3,293 square ft living space. Spacious layout with high ceilings in living /dining/foyer areas, updated kitchen and bathrooms, stainless steel appliances, granite countertop. Renovated in 2023, new laminate flooring, new painting and ETC. Gated private front yard, spacious sunny backyard perfect for entertaining family and friends. radiant floor heating. Close to Terra Nova Park, Quilchena Golf and Country Club, Terra Nova shopping mall , transit Walking distance to preferred Schools. Won't last, be quick! (30334460)",House,N/A,2 Level,1991,"Hot Water, (Natural gas), Radiant heat",1991,Garage,4,Freehold,N/A,"$6,784.29","$2,358,800",2023-05-28,https://cdn.realtor.ca/listing/TS638617879255870000/reb89/highres/5/R2925175_1.jpg,https://cdn.realtor.ca/listing/TS638617879255830000/reb89/highres/5/R2925175_2.jpg,https://cdn.realtor.ca/listing/TS638617879349270000/reb89/highres/5/R2925175_3.jpg,https://cdn.realtor.ca/listing/TS638617879320370000/reb89/highres/5/R2925175_4.jpg,https://cdn.realtor.ca/listing/TS638617879349370000/reb89/highres/5/R2925175_5.jpg,https://cdn.realtor.ca/listing/TS638617879253130000/reb89/highres/5/R2925175_6.jpg,https://cdn.realtor.ca/listing/TS638617879349200000/reb89/highres/5/R2925175_7.jpg,https://cdn.realtor.ca/listing/TS638617879373230000/reb89/highres/5/R2925175_8.jpg,https://cdn.realtor.ca/listing/TS638617879355900000/reb89/highres/5/R2925175_9.jpg,https://cdn.realtor.ca/listing/TS638617879385030000/reb89/highres/5/R2925175_10.jpg,https://cdn.realtor.ca/listing/TS638617879349230000/reb89/highres/5/R2925175_11.jpg,https://cdn.realtor.ca/listing/TS638617879355830000/reb89/highres/5/R2925175_12.jpg,https://cdn.realtor.ca/listing/TS638617879349100000/reb89/highres/5/R2925175_13.jpg,https://cdn.realtor.ca/listing/TS638617879373230000/reb89/highres/5/R2925175_14.jpg,https://cdn.realtor.ca/listing/TS638617879385030000/reb89/highres/5/R2925175_15.jpg,https://cdn.realtor.ca/listing/TS638617879373200000/reb89/highres/5/R2925175_16.jpg,https://cdn.realtor.ca/listing/TS638617879349730000/reb89/highres/5/R2925175_17.jpg,https://cdn.realtor.ca/listing/TS638617879385030000/reb89/highres/5/R2925175_18.jpg,https://cdn.realtor.ca/listing/TS638617879253570000/reb89/highres/5/R2925175_19.jpg,https://cdn.realtor.ca/listing/TS638617879348900000/reb89/highres/5/R2925175_20.jpg,https://cdn.realtor.ca/listing/TS638617879355830000/reb89/highres/5/R2925175_21.jpg,https://cdn.realtor.ca/listing/TS638617879330200000/reb89/highres/5/R2925175_22.jpg,https://cdn.realtor.ca/listing/TS638617879349400000/reb89/highres/5/R2925175_23.jpg,https://cdn.realtor.ca/listing/TS638617879355830000/reb89/highres/5/R2925175_24.jpg,https://cdn.realtor.ca/listing/TS638617879373230000/reb89/highres/5/R2925175_25.jpg,https://cdn.realtor.ca/listing/TS638617879349700000/reb89/highres/5/R2925175_26.jpg,https://cdn.realtor.ca/listing/TS638617879253570000/reb89/highres/5/R2925175_27.jpg,https://cdn.realtor.ca/listing/TS638617879349130000/reb89/highres/5/R2925175_28.jpg,https://cdn.realtor.ca/listing/TS638617879349400000/reb89/highres/5/R2925175_29.jpg,https://cdn.realtor.ca/listing/TS638617879349700000/reb89/highres/5/R2925175_30.jpg,https://cdn.realtor.ca/listing/TS638617879355830000/reb89/highres/5/R2925175_31.jpg,https://cdn.realtor.ca/listing/TS638617879349170000/reb89/highres/5/R2925175_32.jpg,https://cdn.realtor.ca/listing/TS638617879349700000/reb89/highres/5/R2925175_33.jpg,https://cdn.realtor.ca/listing/TS638617879349700000/reb89/highres/5/R2925175_34.jpg,https://cdn.realtor.ca/listing/TS638617879349300000/reb89/highres/5/R2925175_35.jpg,https://cdn.realtor.ca/listing/TS638617879356200000/reb89/highres/5/R2925175_36.jpg,https://cdn.realtor.ca/listing/TS638617879300970000/reb89/highres/5/R2925175_37.jpg,,,
13,13,16,27574478,"**Exceptional Opportunity in the Coveted Terra Nova Neighborhood!** Discover this beautifully maintained home featuring significant updates, including a newer boiler, roof, hot water tank (all from 2022), fresh interior & exterior paint, plus new flooring in the family room & master bedroom. Step inside to a bright living room with high ceilings, a spacious dining area, and a well-appointed kitchen with an island and walk-in pantry-ideal for everyday living and entertaining. On the main floor, you'll find a generously sized master bedroom perfect for seniors, alongside an additional bedroom that can serve as a home office. Upstairs, two more spacious bedrooms enhance the home's versatility. Side-by-side double garage and offers excellent school catchments: Spul'u'kwuks Elementary and Burnett Secondary. Don´t miss your chance to own this outstanding home in a highly sought-after neighborhood! Open house on Nov. 17, 2-4pm. (30512839)",3,4,2370,2380000,Single Family,"5611 BARNARD DRIVE|Richmond, British Columbia V7C5N4",-123.188438,49.172524,V7C5N4,27574478,R2938361,"**Exceptional Opportunity in the Coveted Terra Nova Neighborhood!** Discover this beautifully maintained home featuring significant updates, including a newer boiler, roof, hot water tank (all from 2022), fresh interior & exterior paint, plus new flooring in the family room & master bedroom. Step inside to a bright living room with high ceilings, a spacious dining area, and a well-appointed kitchen with an island and walk-in pantry-ideal for everyday living and entertaining. On the main floor, you'll find a generously sized master bedroom perfect for seniors, alongside an additional bedroom that can serve as a home office. Upstairs, two more spacious bedrooms enhance the home's versatility. Side-by-side double garage and offers excellent school catchments: Spul'u'kwuks Elementary and Burnett Secondary. Don´t miss your chance to own this outstanding home in a highly sought-after neighborhood! Open house on Nov. 17, 2-4pm. (30512839)",House,N/A,2 Level,1992,"Baseboard heaters, Radiant heat",1992,Other,4,Freehold,N/A,"$7,385.86","$1,580,000",2019-04-02,https://cdn.realtor.ca/listing/TS638655457633030000/reb89/highres/1/R2938361_1.jpg,https://cdn.realtor.ca/listing/TS638655457685900000/reb89/highres/1/R2938361_2.jpg,https://cdn.realtor.ca/listing/TS638655457686000000/reb89/highres/1/R2938361_3.jpg,https://cdn.realtor.ca/listing/TS638655457744300000/reb89/highres/1/R2938361_4.jpg,https://cdn.realtor.ca/listing/TS638655457737070000/reb89/highres/1/R2938361_5.jpg,https://cdn.realtor.ca/listing/TS638655457685670000/reb89/highres/1/R2938361_6.jpg,https://cdn.realtor.ca/listing/TS638655457661130000/reb89/highres/1/R2938361_7.jpg,https://cdn.realtor.ca/listing/TS638655457632630000/reb89/highres/1/R2938361_8.jpg,https://cdn.realtor.ca/listing/TS638655457685870000/reb89/highres/1/R2938361_9.jpg,https://cdn.realtor.ca/listing/TS638655457685670000/reb89/highres/1/R2938361_10.jpg,https://cdn.realtor.ca/listing/TS638655457636130000/reb89/highres/1/R2938361_11.jpg,https://cdn.realtor.ca/listing/TS638655457685730000/reb89/highres/1/R2938361_12.jpg,https://cdn.realtor.ca/listing/TS638655457686730000/reb89/highres/1/R2938361_13.jpg,https://cdn.realtor.ca/listing/TS638655457744230000/reb89/highres/1/R2938361_14.jpg,https://cdn.realtor.ca/listing/TS638655457685830000/reb89/highres/1/R2938361_15.jpg,https://cdn.realtor.ca/listing/TS638655457687500000/reb89/highres/1/R2938361_16.jpg,https://cdn.realtor.ca/listing/TS638655457686000000/reb89/highres/1/R2938361_17.jpg,https://cdn.realtor.ca/listing/TS638655457687430000/reb89/highres/1/R2938361_18.jpg,https://cdn.realtor.ca/listing/TS638655457687430000/reb89/highres/1/R2938361_19.jpg,https://cdn.realtor.ca/listing/TS638655457685870000/reb89/highres/1/R2938361_20.jpg,https://cdn.realtor.ca/listing/TS638655457685800000/reb89/highres/1/R2938361_21.jpg,https://cdn.realtor.ca/listing/TS638655457744530000/reb89/highres/1/R2938361_22.jpg,https://cdn.realtor.ca/listing/TS638655457744530000/reb89/highres/1/R2938361_23.jpg,https://cdn.realtor.ca/listing/TS638655457770500000/reb89/highres/1/R2938361_24.jpg,https://cdn.realtor.ca/listing/TS638655457744630000/reb89/highres/1/R2938361_25.jpg,https://cdn.realtor.ca/listing/TS638655457676500000/reb89/highres/1/R2938361_26.jpg,https://cdn.realtor.ca/listing/TS638655457744570000/reb89/highres/1/R2938361_27.jpg,https://cdn.realtor.ca/listing/TS638655457686000000/reb89/highres/1/R2938361_28.jpg,https://cdn.realtor.ca/listing/TS638655457744770000/reb89/highres/1/R2938361_29.jpg,https://cdn.realtor.ca/listing/TS638655457738130000/reb89/highres/1/R2938361_30.jpg,https://cdn.realtor.ca/listing/TS638655457770200000/reb89/highres/1/R2938361_31.jpg,https://cdn.realtor.ca/listing/TS638655457744730000/reb89/highres/1/R2938361_32.jpg,https://cdn.realtor.ca/listing/TS638655457685830000/reb89/highres/1/R2938361_33.jpg,https://cdn.realtor.ca/listing/TS638655457744700000/reb89/highres/1/R2938361_34.jpg,https://cdn.realtor.ca/listing/TS638655457744770000/reb89/highres/1/R2938361_35.jpg,https://cdn.realtor.ca/listing/TS638655457751370000/reb89/highres/1/R2938361_36.jpg,https://cdn.realtor.ca/listing/TS638655457744600000/reb89/highres/1/R2938361_37.jpg,https://cdn.realtor.ca/listing/TS638655457695770000/reb89/highres/1/R2938361_38.jpg,https://cdn.realtor.ca/listing/TS638655457744800000/reb89/highres/1/R2938361_39.jpg,https://cdn.realtor.ca/listing/TS638655457744700000/reb89/highres/1/R2938361_40.jpg
14,14,15,26641976,"Located in prestigious Terra Nova, this home features a spacious floor plan with 3 bedrooms + large games room upstairs, 1 bedroom/den on the main, and 3 full bathrooms. The 4175 SF lot is on a quiet street with a sunny southeast exposure. High ceilings, skylights, and quality construction add to the appeal. Well-maintained as a vacation home, it's close to schools, shopping, Quilchena Golf Course, and transportation. Open house Nov 10 2024 from 2-4pm (29502848)",3,4,2294,2379000,Single Family,"6220 RICHARDS DRIVE|Richmond, British Columbia V7C5R2",-123.188867,49.167067,V7C5R2,26641976,R2860872,"Located in prestigious Terra Nova, this home features a spacious floor plan with 3 bedrooms + large games room upstairs, 1 bedroom/den on the main, and 3 full bathrooms. The 4175 SF lot is on a quiet street with a sunny southeast exposure. High ceilings, skylights, and quality construction add to the appeal. Well-maintained as a vacation home, it's close to schools, shopping, Quilchena Golf Course, and transportation. Open house Nov 10 2024 from 2-4pm (29502848)",House,N/A,2 Level,1999,"(Natural gas), Radiant heat",1999,Garage,2,Freehold,N/A,"$6,059.59","$1,795,000",2017-02-12,https://cdn.realtor.ca/listing/TS638467524852270000/reb89/highres/2/R2860872_1.jpg,https://cdn.realtor.ca/listing/TS638467524765900000/reb89/highres/2/R2860872_2.jpg,https://cdn.realtor.ca/listing/TS638467524763430000/reb89/highres/2/R2860872_3.jpg,https://cdn.realtor.ca/listing/TS638467524852470000/reb89/highres/2/R2860872_4.jpg,https://cdn.realtor.ca/listing/TS638467524852070000/reb89/highres/2/R2860872_5.jpg,https://cdn.realtor.ca/listing/TS638467524765930000/reb89/highres/2/R2860872_6.jpg,https://cdn.realtor.ca/listing/TS638467524851400000/reb89/highres/2/R2860872_7.jpg,https://cdn.realtor.ca/listing/TS638467524851970000/reb89/highres/2/R2860872_8.jpg,https://cdn.realtor.ca/listing/TS638467524851400000/reb89/highres/2/R2860872_9.jpg,https://cdn.realtor.ca/listing/TS638467524852100000/reb89/highres/2/R2860872_10.jpg,https://cdn.realtor.ca/listing/TS638467524852170000/reb89/highres/2/R2860872_11.jpg,https://cdn.realtor.ca/listing/TS638467524852300000/reb89/highres/2/R2860872_12.jpg,https://cdn.realtor.ca/listing/TS638467524850700000/reb89/highres/2/R2860872_13.jpg,https://cdn.realtor.ca/listing/TS638467524851600000/reb89/highres/2/R2860872_14.jpg,https://cdn.realtor.ca/listing/TS638467524851600000/reb89/highres/2/R2860872_15.jpg,https://cdn.realtor.ca/listing/TS638467524851970000/reb89/highres/2/R2860872_16.jpg,https://cdn.realtor.ca/listing/TS638467524851370000/reb89/highres/2/R2860872_17.jpg,https://cdn.realtor.ca/listing/TS638467524851570000/reb89/highres/2/R2860872_18.jpg,https://cdn.realtor.ca/listing/TS638467524852300000/reb89/highres/2/R2860872_19.jpg,https://cdn.realtor.ca/listing/TS638467524852300000/reb89/highres/2/R2860872_20.jpg,https://cdn.realtor.ca/listing/TS638467524761600000/reb89/highres/2/R2860872_21.jpg,https://cdn.realtor.ca/listing/TS638467524819830000/reb89/highres/2/R2860872_22.jpg,https://cdn.realtor.ca/listing/TS638467524851970000/reb89/highres/2/R2860872_23.jpg,https://cdn.realtor.ca/listing/TS638467524851300000/reb89/highres/2/R2860872_24.jpg,https://cdn.realtor.ca/listing/TS638467524851900000/reb89/highres/2/R2860872_25.jpg,https://cdn.realtor.ca/listing/TS638467524850670000/reb89/highres/2/R2860872_26.jpg,https://cdn.realtor.ca/listing/TS638467524852300000/reb89/highres/2/R2860872_27.jpg,https://cdn.realtor.ca/listing/TS638467524850670000/reb89/highres/2/R2860872_28.jpg,https://cdn.realtor.ca/listing/TS638467524851870000/reb89/highres/2/R2860872_29.jpg,https://cdn.realtor.ca/listing/TS638467524852300000/reb89/highres/2/R2860872_30.jpg,https://cdn.realtor.ca/listing/TS638467524851670000/reb89/highres/2/R2860872_31.jpg,https://cdn.realtor.ca/listing/TS638467524852170000/reb89/highres/2/R2860872_32.jpg,https://cdn.realtor.ca/listing/TS638467524851600000/reb89/highres/2/R2860872_33.jpg,https://cdn.realtor.ca/listing/TS638467524851600000/reb89/highres/2/R2860872_34.jpg,https://cdn.realtor.ca/listing/TS638467524851470000/reb89/highres/2/R2860872_35.jpg,https://cdn.realtor.ca/listing/TS638467524852300000/reb89/highres/2/R2860872_36.jpg,,,,
15,15,14,27212879,"Welcome to this well-maintained, single-owner home in the prestigious Terra Nova neighborhood, ready for you to move in. This home features 4 bedrooms & 4 baths, including 2 ensuites & a Jack & Jill bathroom. The double garage & open driveway parking provide ample space for your vehicles. Built with quality materials & craftsmanship, this home boasts a gourmet kitchen equipped with top-quality appliances. The interior is enhanced with crown moulding, engineered hardwood flooring on the main level, & carpet on the stairs and upper level for added comfort. Enjoy warm toes with radiant heating on both levels, a gas fireplace for cozy evenings, & a built-in central vacuum system for easy cleaning. For your peace of mind, the home is secured with a security system & a sprinkler system at both the front and back of the property. All measurements are approx. The home is easy to show, so don't hesitate to schedule a viewing. Experience your best home in Terra Nova before it's gone! Tour: https://youtu.be/yYt91VU8R_s (30121989)",4,4,2352,2298000,Single Family,"6179 DUNSMUIR CRESCENT|Richmond, British Columbia V7C5T7",-123.18641,49.167757,V7C5T7,27212879,R2909110,"Welcome to this well-maintained, single-owner home in the prestigious Terra Nova neighborhood, ready for you to move in. This home features 4 bedrooms & 4 baths, including 2 ensuites & a Jack & Jill bathroom. The double garage & open driveway parking provide ample space for your vehicles. Built with quality materials & craftsmanship, this home boasts a gourmet kitchen equipped with top-quality appliances. The interior is enhanced with crown moulding, engineered hardwood flooring on the main level, & carpet on the stairs and upper level for added comfort. Enjoy warm toes with radiant heating on both levels, a gas fireplace for cozy evenings, & a built-in central vacuum system for easy cleaning. For your peace of mind, the home is secured with a security system & a sprinkler system at both the front and back of the property. All measurements are approx. The home is easy to show, so don't hesitate to schedule a viewing. Experience your best home in Terra Nova before it's gone! Tour: https://youtu.be/yYt91VU8R_s (30121989)",House,N/A,2 Level,2009,"Hot Water, (Natural gas), Radiant heat",2009,Garage,4,Freehold,N/A,"$6,225.48","$992,500",2009-06-29,https://cdn.realtor.ca/listing/TS638574517808070000/reb89/highres/0/R2909110_1.jpg,https://cdn.realtor.ca/listing/TS638574517808030000/reb89/highres/0/R2909110_2.jpg,https://cdn.realtor.ca/listing/TS638574517807830000/reb89/highres/0/R2909110_3.jpg,https://cdn.realtor.ca/listing/TS638574517808130000/reb89/highres/0/R2909110_4.jpg,https://cdn.realtor.ca/listing/TS638574517742500000/reb89/highres/0/R2909110_5.jpg,https://cdn.realtor.ca/listing/TS638574517824500000/reb89/highres/0/R2909110_6.jpg,https://cdn.realtor.ca/listing/TS638574517824200000/reb89/highres/0/R2909110_7.jpg,https://cdn.realtor.ca/listing/TS638574517742400000/reb89/highres/0/R2909110_8.jpg,https://cdn.realtor.ca/listing/TS638574517807830000/reb89/highres/0/R2909110_9.jpg,https://cdn.realtor.ca/listing/TS638574517807830000/reb89/highres/0/R2909110_10.jpg,https://cdn.realtor.ca/listing/TS638574517742300000/reb89/highres/0/R2909110_11.jpg,https://cdn.realtor.ca/listing/TS638574517807830000/reb89/highres/0/R2909110_12.jpg,https://cdn.realtor.ca/listing/TS638574517742430000/reb89/highres/0/R2909110_13.jpg,https://cdn.realtor.ca/listing/TS638574517742330000/reb89/highres/0/R2909110_14.jpg,https://cdn.realtor.ca/listing/TS638574517824230000/reb89/highres/0/R2909110_15.jpg,https://cdn.realtor.ca/listing/TS638574517807970000/reb89/highres/0/R2909110_16.jpg,https://cdn.realtor.ca/listing/TS638574517824400000/reb89/highres/0/R2909110_17.jpg,https://cdn.realtor.ca/listing/TS638574517807770000/reb89/highres/0/R2909110_18.jpg,https://cdn.realtor.ca/listing/TS638574517824230000/reb89/highres/0/R2909110_19.jpg,https://cdn.realtor.ca/listing/TS638574517807830000/reb89/highres/0/R2909110_20.jpg,https://cdn.realtor.ca/listing/TS638574517804770000/reb89/highres/0/R2909110_21.jpg,https://cdn.realtor.ca/listing/TS638574517808230000/reb89/highres/0/R2909110_22.jpg,https://cdn.realtor.ca/listing/TS638574517824530000/reb89/highres/0/R2909110_23.jpg,https://cdn.realtor.ca/listing/TS638574517807830000/reb89/highres/0/R2909110_24.jpg,https://cdn.realtor.ca/listing/TS638574517807830000/reb89/highres/0/R2909110_25.jpg,https://cdn.realtor.ca/listing/TS638574517824630000/reb89/highres/0/R2909110_26.jpg,https://cdn.realtor.ca/listing/TS638574517823930000/reb89/highres/0/R2909110_27.jpg,https://cdn.realtor.ca/listing/TS638574517824330000/reb89/highres/0/R2909110_28.jpg,https://cdn.realtor.ca/listing/TS638574517807830000/reb89/highres/0/R2909110_29.jpg,https://cdn.realtor.ca/listing/TS638574517933330000/reb89/highres/0/R2909110_30.jpg,https://cdn.realtor.ca/listing/TS638574517824130000/reb89/highres/0/R2909110_31.jpg,https://cdn.realtor.ca/listing/TS638574517808030000/reb89/highres/0/R2909110_32.jpg,https://cdn.realtor.ca/listing/TS638574517824400000/reb89/highres/0/R2909110_33.jpg,https://cdn.realtor.ca/listing/TS638574517824330000/reb89/highres/0/R2909110_34.jpg,https://cdn.realtor.ca/listing/TS638574517824130000/reb89/highres/0/R2909110_35.jpg,https://cdn.realtor.ca/listing/TS638574517940500000/reb89/highres/0/R2909110_36.jpg,https://cdn.realtor.ca/listing/TS638574517824530000/reb89/highres/0/R2909110_37.jpg,https://cdn.realtor.ca/listing/TS638574517824500000/reb89/highres/0/R2909110_38.jpg,https://cdn.realtor.ca/listing/TS638574517825100000/reb89/highres/0/R2909110_39.jpg,https://cdn.realtor.ca/listing/TS638574517941070000/reb89/highres/0/R2909110_40.jpg
16,16,13,27468036,"This exclusive home is nestled in Riverdale's prestigious Gibbons Dr., amidst luxurious residences. Facing south, it spans 1,947 sq. ft. across two levels. Upstairs, find three bedrooms and two baths; downstairs, a spacious living room, dining room, kitchen with eating area, family room, powder room, and generous storage. A beautifully landscaped backyard enhances the property's appeal. Located in the coveted Thompson Elementary and Burnett Secondary school catchment, amenities include Terra Nova Village, the Oval, nearby public transit, and the Thompson Community Center. Nature lovers will adore the Middle Arm Trail's year-round beauty, featuring scenic snowy winters, rainy days, and breathtaking sunsets along the dyke. (30398011)",3,3,1942,1750000,Single Family,"4311 TIFFIN CRESCENT|Richmond, British Columbia V7C4X7",-123.176963,49.169348,V7C4X7,,,,,,,,,,,,,,,,,,,,,,,,,,,,,,,,,,,,,,,,,,,,,,,,,,,,,,,,
17,17,12,27431135,"ELEGANT & SOPHISTICATED TWO level TH located within the gated SONOMA communities in Terra Nova. Previously remodelled in 2011. Steps into this beautiful home, Generous use of Slate in the Entry, Powder room, Kitchen & Breakfast Area... Rich Walnut Floors throughout the Main & 2 Gas-Burning Fireplaces for cozy winter nights! Dream kitchen with Gas Cooktop and Stainless Appliances. Vaulted ceilings on the Main Floor leading up to 3 very generous Bedrooms with Walk-in Closet in the Master Bedroom. In addition: California shutters, designer paint job, custom built cabinets & desk in Den, plus double side by side garage make this CORNER end unit a perfect home! School catchments: Spul 'u' Kwuks Elementary & Burnett Secondary. Steps away from shopping center and river. (30357556)",3,3,2167,1729000,Single Family,"56 3555 WESTMINSTER HIGHWAY|Richmond, British Columbia V7C5P6",-123.185337,49.169188,V7C5P6,27431135,R2926421,"ELEGANT & SOPHISTICATED TWO level TH located within the gated SONOMA communities in Terra Nova. Previously remodelled in 2011. Steps into this beautiful home, Generous use of Slate in the Entry, Powder room, Kitchen & Breakfast Area... Rich Walnut Floors throughout the Main & 2 Gas-Burning Fireplaces for cozy winter nights! Dream kitchen with Gas Cooktop and Stainless Appliances. Vaulted ceilings on the Main Floor leading up to 3 very generous Bedrooms with Walk-in Closet in the Master Bedroom. In addition: California shutters, designer paint job, custom built cabinets & desk in Den, plus double side by side garage make this CORNER end unit a perfect home! School catchments: Spul 'u' Kwuks Elementary & Burnett Secondary. Steps away from shopping center and river. (30357556)",Row / Townhouse,N/A,2 Level,1995,"Forced air, (Natural gas)",1995,Garage,2,Strata,$649.60 Monthly,"$4,525.77","$895,000",2011-06-23,https://cdn.realtor.ca/listing/TS638627929617870000/reb89/highres/1/R2926421_1.jpg,https://cdn.realtor.ca/listing/TS638627929617870000/reb89/highres/1/R2926421_2.jpg,https://cdn.realtor.ca/listing/TS638627929650700000/reb89/highres/1/R2926421_3.jpg,https://cdn.realtor.ca/listing/TS638627929618230000/reb89/highres/1/R2926421_4.jpg,https://cdn.realtor.ca/listing/TS638627929650070000/reb89/highres/1/R2926421_5.jpg,https://cdn.realtor.ca/listing/TS638627929650170000/reb89/highres/1/R2926421_6.jpg,https://cdn.realtor.ca/listing/TS638627929650000000/reb89/highres/1/R2926421_7.jpg,https://cdn.realtor.ca/listing/TS638627929650300000/reb89/highres/1/R2926421_8.jpg,https://cdn.realtor.ca/listing/TS638627929649930000/reb89/highres/1/R2926421_9.jpg,https://cdn.realtor.ca/listing/TS638627929650100000/reb89/highres/1/R2926421_10.jpg,https://cdn.realtor.ca/listing/TS638627929650400000/reb89/highres/1/R2926421_11.jpg,https://cdn.realtor.ca/listing/TS638627929650700000/reb89/highres/1/R2926421_12.jpg,https://cdn.realtor.ca/listing/TS638627929650230000/reb89/highres/1/R2926421_13.jpg,https://cdn.realtor.ca/listing/TS638627929649930000/reb89/highres/1/R2926421_14.jpg,https://cdn.realtor.ca/listing/TS638627929617930000/reb89/highres/1/R2926421_15.jpg,https://cdn.realtor.ca/listing/TS638627929617900000/reb89/highres/1/R2926421_16.jpg,https://cdn.realtor.ca/listing/TS638627929650470000/reb89/highres/1/R2926421_17.jpg,https://cdn.realtor.ca/listing/TS638627929618230000/reb89/highres/1/R2926421_18.jpg,https://cdn.realtor.ca/listing/TS638627929650670000/reb89/highres/1/R2926421_19.jpg,https://cdn.realtor.ca/listing/TS638627929650700000/reb89/highres/1/R2926421_20.jpg,https://cdn.realtor.ca/listing/TS638627929618230000/reb89/highres/1/R2926421_21.jpg,https://cdn.realtor.ca/listing/TS638627929617870000/reb89/highres/1/R2926421_22.jpg,,,,,,,,,,,,,,,,,,
18,18,11,27084789,"Townhouse built by Polygon, Famous Terra Nova area. Corner unit. High ceiling and functional floor plan. Rarely available big private yard, Caretaker on site. Amenities include gym, outdoor pool, swirl pool/Hot Tub. Complex has new roof, new fence and exterior painting done. Steps to Spul'u'kwuls Elementary, Terra Nova Village. How about a morning walk to the dyke? Enjoying life is so easy. (29983015)",3,3,2209,1729000,Single Family,"43 3555 WESTMINSTER HIGHWAY|Richmond, British Columbia V7C5P6",-123.185337,49.169188,V7C5P6,,,,,,,,,,,,,,,,,,,,,,,,,,,,,,,,,,,,,,,,,,,,,,,,,,,,,,,,
19,19,10,27545471,"Spacious and bright 3 bed, 3 bath corner townhouse in the highly sought-after Quilchena Green, a 55+ gated community in Terra Nova. This elegant home features soaring 18' ceilings in the living and dining room, and offers ultimate privacy with no rear neighbours, plus a beautiful side and back garden. Enjoy tranquil living just a short walk to Terra Nova Viewpoint with stunning North Shore mountain views and Terra Nova Rural Park. Conveniently close to Terra Nova Village Shopping Mall with restaurants, Save-On-Foods, and more. A perfect blend of nature and urban convenience! (30481462)",3,3,2275,1599000,Single Family,"39 5531 CORNWALL DRIVE|Richmond, British Columbia V7C5N7",-123.185995,49.172311,V7C5N7,,,,,,,,,,,,,,,,,,,,,,,,,,,,,,,,,,,,,,,,,,,,,,,,,,,,,,,,
20,20,9,27620029,"Privacy and tranquility await you at the coveted Maquinna - a beautiful gated community situated in the Terra Nova neighbourhood of Richmond. This immaculately kept 2 level, 3 bedroom and den, 2-1/2 bath townhome checks all the marks - engineered oak hardwood, upgraded radiant heating system, hot water on demand, upgraded security system, custom fitted California Shutters, huge primary room with two large closets, tons of extra storage, private 2 car garage with custom built cupboards and FRONT DOOR street entrance. The Maquinna is incredibly well managed and the gorgeous common gardens provide a touch of both formal and informal elements simulating a serene park like setting. This is a 55+ complex - at least 1 resident in the property must be 55 years or older. (30562049)",3,3,2621,1599000,Single Family,"30 6000 BARNARD DRIVE|Richmond, British Columbia V7C5P7",-123.188275,49.169133,V7C5P7,27620029,R2942020,"Privacy and tranquility await you at the coveted Maquinna - a beautiful gated community situated in the Terra Nova neighbourhood of Richmond. This immaculately kept 2 level, 3 bedroom and den, 2-1/2 bath townhome checks all the marks - engineered oak hardwood, upgraded radiant heating system, hot water on demand, upgraded security system, custom fitted California Shutters, huge primary room with two large closets, tons of extra storage, private 2 car garage with custom built cupboards and FRONT DOOR street entrance. The Maquinna is incredibly well managed and the gorgeous common gardens provide a touch of both formal and informal elements simulating a serene park like setting. This is a 55+ complex - at least 1 resident in the property must be 55 years or older. (30562049)",Row / Townhouse,N/A,2 Level,1994,"Hot Water, (Natural gas), Radiant heat",1994,Garage,2,Strata,$719 Monthly,"$5,169.20","$580,000",2005-04-01,https://cdn.realtor.ca/listing/TS638666767869200000/reb89/highres/0/R2942020_1.jpg,https://cdn.realtor.ca/listing/TS638666767792530000/reb89/highres/0/R2942020_2.jpg,https://cdn.realtor.ca/listing/TS638666767755100000/reb89/highres/0/R2942020_3.jpg,https://cdn.realtor.ca/listing/TS638666767792630000/reb89/highres/0/R2942020_4.jpg,https://cdn.realtor.ca/listing/TS638666767756530000/reb89/highres/0/R2942020_5.jpg,https://cdn.realtor.ca/listing/TS638666767755630000/reb89/highres/0/R2942020_6.jpg,https://cdn.realtor.ca/listing/TS638666767792500000/reb89/highres/0/R2942020_7.jpg,https://cdn.realtor.ca/listing/TS638666767751970000/reb89/highres/0/R2942020_8.jpg,https://cdn.realtor.ca/listing/TS638666767871400000/reb89/highres/0/R2942020_9.jpg,https://cdn.realtor.ca/listing/TS638666767791300000/reb89/highres/0/R2942020_10.jpg,https://cdn.realtor.ca/listing/TS638666767871730000/reb89/highres/0/R2942020_11.jpg,https://cdn.realtor.ca/listing/TS638666767792630000/reb89/highres/0/R2942020_12.jpg,https://cdn.realtor.ca/listing/TS638666767871200000/reb89/highres/0/R2942020_13.jpg,https://cdn.realtor.ca/listing/TS638666767871300000/reb89/highres/0/R2942020_14.jpg,https://cdn.realtor.ca/listing/TS638666767871230000/reb89/highres/0/R2942020_15.jpg,https://cdn.realtor.ca/listing/TS638666767871270000/reb89/highres/0/R2942020_16.jpg,https://cdn.realtor.ca/listing/TS638666767871400000/reb89/highres/0/R2942020_17.jpg,https://cdn.realtor.ca/listing/TS638666767871730000/reb89/highres/0/R2942020_18.jpg,https://cdn.realtor.ca/listing/TS638666767871400000/reb89/highres/0/R2942020_19.jpg,https://cdn.realtor.ca/listing/TS638666767752100000/reb89/highres/0/R2942020_20.jpg,https://cdn.realtor.ca/listing/TS638666767752000000/reb89/highres/0/R2942020_21.jpg,https://cdn.realtor.ca/listing/TS638666767755630000/reb89/highres/0/R2942020_22.jpg,https://cdn.realtor.ca/listing/TS638666767755670000/reb89/highres/0/R2942020_23.jpg,https://cdn.realtor.ca/listing/TS638666767871500000/reb89/highres/0/R2942020_24.jpg,https://cdn.realtor.ca/listing/TS638666767792500000/reb89/highres/0/R2942020_25.jpg,https://cdn.realtor.ca/listing/TS638666767800470000/reb89/highres/0/R2942020_26.jpg,https://cdn.realtor.ca/listing/TS638666767752000000/reb89/highres/0/R2942020_27.jpg,https://cdn.realtor.ca/listing/TS638666767792600000/reb89/highres/0/R2942020_28.jpg,https://cdn.realtor.ca/listing/TS638666767792670000/reb89/highres/0/R2942020_29.jpg,https://cdn.realtor.ca/listing/TS638666767792800000/reb89/highres/0/R2942020_30.jpg,https://cdn.realtor.ca/listing/TS638666767792670000/reb89/highres/0/R2942020_31.jpg,https://cdn.realtor.ca/listing/TS638666767792630000/reb89/highres/0/R2942020_32.jpg,https://cdn.realtor.ca/listing/TS638666767871400000/reb89/highres/0/R2942020_33.jpg,https://cdn.realtor.ca/listing/TS638666767792630000/reb89/highres/0/R2942020_34.jpg,https://cdn.realtor.ca/listing/TS638666767871300000/reb89/highres/0/R2942020_35.jpg,https://cdn.realtor.ca/listing/TS638666767871830000/reb89/highres/0/R2942020_36.jpg,https://cdn.realtor.ca/listing/TS638666767800500000/reb89/highres/0/R2942020_37.jpg,https://cdn.realtor.ca/listing/TS638666767792600000/reb89/highres/0/R2942020_38.jpg,https://cdn.realtor.ca/listing/TS638666767872230000/reb89/highres/0/R2942020_39.jpg,https://cdn.realtor.ca/listing/TS638666767792770000/reb89/highres/0/R2942020_40.jpg
21,21,8,27243238,"Well-maintained townhome at Mayflower by Polygon. This bright and beautiful 4 bed, 3.5 bath home is located on the quiet side of the complex. It features an open concept layout with a cozy fireplace & a huge deck perfect for entertaining. The well thought out kitchen includes plenty of storage, a large eating area, & another deck off the kitchen. Upstairs, you'll find a spacious master bedroom with room for a king-size bed, an ensuite bathroom, 2 additional bedrooms, and a full bath. Downstairs, there is an additional bedroom, a full bath, and a side-by-side two-car garage. Conveniently located near Quilchena Golf Club, Terra Nova Natural Rural Park, and the Dyke. Walk to Save-On-Foods, eateries, and bus stop. Excellent school catchment: Spul'u'kwuks Elementary and Burnett Secondary. (30154552)",4,4,1743,1338000,Single Family,"39 3880 WESTMINSTER HIGHWAY|Richmond, British Columbia V7C5S1",-123.183735,49.168953,V7C5S1,27243238,R2911314,"Well-maintained townhome at Mayflower by Polygon. This bright and beautiful 4 bed, 3.5 bath home is located on the quiet side of the complex. It features an open concept layout with a cozy fireplace & a huge deck perfect for entertaining. The well thought out kitchen includes plenty of storage, a large eating area, & another deck off the kitchen. Upstairs, you'll find a spacious master bedroom with room for a king-size bed, an ensuite bathroom, 2 additional bedrooms, and a full bath. Downstairs, there is an additional bedroom, a full bath, and a side-by-side two-car garage. Conveniently located near Quilchena Golf Club, Terra Nova Natural Rural Park, and the Dyke. Walk to Save-On-Foods, eateries, and bus stop. Excellent school catchment: Spul'u'kwuks Elementary and Burnett Secondary. (30154552)",Row / Townhouse,N/A,N/A,1997,Forced air,1997,Garage,2,Strata,$389.91 Monthly,"$3,527.48","$925,000",2020-02-16,https://cdn.realtor.ca/listing/TS638581411235470000/reb89/highres/4/R2911314_1.jpg,https://cdn.realtor.ca/listing/TS638581411235370000/reb89/highres/4/R2911314_2.jpg,https://cdn.realtor.ca/listing/TS638581411235270000/reb89/highres/4/R2911314_3.jpg,https://cdn.realtor.ca/listing/TS638581411235700000/reb89/highres/4/R2911314_4.jpg,https://cdn.realtor.ca/listing/TS638581411166630000/reb89/highres/4/R2911314_5.jpg,https://cdn.realtor.ca/listing/TS638581411177570000/reb89/highres/4/R2911314_6.jpg,https://cdn.realtor.ca/listing/TS638581411166730000/reb89/highres/4/R2911314_7.jpg,https://cdn.realtor.ca/listing/TS638581411166330000/reb89/highres/4/R2911314_8.jpg,https://cdn.realtor.ca/listing/TS638581411166470000/reb89/highres/4/R2911314_9.jpg,https://cdn.realtor.ca/listing/TS638581411166530000/reb89/highres/4/R2911314_10.jpg,https://cdn.realtor.ca/listing/TS638581411166670000/reb89/highres/4/R2911314_11.jpg,https://cdn.realtor.ca/listing/TS638581411166970000/reb89/highres/4/R2911314_12.jpg,https://cdn.realtor.ca/listing/TS638581411166830000/reb89/highres/4/R2911314_13.jpg,https://cdn.realtor.ca/listing/TS638581411166830000/reb89/highres/4/R2911314_14.jpg,https://cdn.realtor.ca/listing/TS638581411166670000/reb89/highres/4/R2911314_15.jpg,https://cdn.realtor.ca/listing/TS638581411172030000/reb89/highres/4/R2911314_16.jpg,https://cdn.realtor.ca/listing/TS638581411166870000/reb89/highres/4/R2911314_17.jpg,https://cdn.realtor.ca/listing/TS638581411171930000/reb89/highres/4/R2911314_18.jpg,https://cdn.realtor.ca/listing/TS638581411166470000/reb89/highres/4/R2911314_19.jpg,https://cdn.realtor.ca/listing/TS638581411172130000/reb89/highres/4/R2911314_20.jpg,https://cdn.realtor.ca/listing/TS638581411166570000/reb89/highres/4/R2911314_21.jpg,https://cdn.realtor.ca/listing/TS638581411166330000/reb89/highres/4/R2911314_22.jpg,https://cdn.realtor.ca/listing/TS638581411166770000/reb89/highres/4/R2911314_23.jpg,https://cdn.realtor.ca/listing/TS638581411166630000/reb89/highres/4/R2911314_24.jpg,https://cdn.realtor.ca/listing/TS638581411172070000/reb89/highres/4/R2911314_25.jpg,,,,,,,,,,,,,,,
22,22,7,27514883,"Every aspect of the house has been fully renovated with a refined, tasteful design that blends modern elegance with timeless charm. Perfect for Big family. Magnificent View of cherry blossom in a quiet inner garden. Sunny Bright, Spacious, Open Floor Plan, 9' High Ceiling, on main level, Big kitchen, Stainless steel appliances, New dishwasher, gas fireplace, large Bedroom on main level and a big Flex room below (14'7 x 12'10). Super Convenience - Steps away from Terra Nova Village shopping center, walking to public schools - high ranking Spul'u'kwuks Elementary School & J.N. Burnett Secondary School, close to public transit and Quilchena Golf & Country Club, Terra Nova Rural Park, Fraser River. (30448393)",2,3,1448,1318000,Single Family,"21 6179 NO. 1 ROAD|Richmond, British Columbia V7C1T4",-123.181877,49.168291,V7C1T4,27514883,R2933510,"Every aspect of the house has been fully renovated with a refined, tasteful design that blends modern elegance with timeless charm. Perfect for Big family. Magnificent View of cherry blossom in a quiet inner garden. Sunny Bright, Spacious, Open Floor Plan, 9' High Ceiling, on main level, Big kitchen, Stainless steel appliances, New dishwasher, gas fireplace, large Bedroom on main level and a big Flex room below (14'7 x 12'10). Super Convenience - Steps away from Terra Nova Village shopping center, walking to public schools - high ranking Spul'u'kwuks Elementary School & J.N. Burnett Secondary School, close to public transit and Quilchena Golf & Country Club, Terra Nova Rural Park, Fraser River. (30448393)",Row / Townhouse,N/A,N/A,1997,"(Electric), (Natural gas)",1997,Garage,1,Strata,$356.92 Monthly,"$2,962.85","$1,077,500",2023-03-30,https://cdn.realtor.ca/listing/TS638655067004100000/reb89/highres/0/R2933510_1.jpg,https://cdn.realtor.ca/listing/TS638655066905200000/reb89/highres/0/R2933510_2.jpg,https://cdn.realtor.ca/listing/TS638655066911800000/reb89/highres/0/R2933510_3.jpg,https://cdn.realtor.ca/listing/TS638655067012030000/reb89/highres/0/R2933510_4.jpg,https://cdn.realtor.ca/listing/TS638655067003770000/reb89/highres/0/R2933510_5.jpg,https://cdn.realtor.ca/listing/TS638655067004000000/reb89/highres/0/R2933510_6.jpg,https://cdn.realtor.ca/listing/TS638655067003970000/reb89/highres/0/R2933510_7.jpg,https://cdn.realtor.ca/listing/TS638655067088470000/reb89/highres/0/R2933510_8.jpg,https://cdn.realtor.ca/listing/TS638655067003830000/reb89/highres/0/R2933510_9.jpg,https://cdn.realtor.ca/listing/TS638655067008930000/reb89/highres/0/R2933510_10.jpg,https://cdn.realtor.ca/listing/TS638655067004000000/reb89/highres/0/R2933510_11.jpg,https://cdn.realtor.ca/listing/TS638655066904970000/reb89/highres/0/R2933510_12.jpg,https://cdn.realtor.ca/listing/TS638655067003800000/reb89/highres/0/R2933510_13.jpg,https://cdn.realtor.ca/listing/TS638655066909030000/reb89/highres/0/R2933510_14.jpg,https://cdn.realtor.ca/listing/TS638655067003800000/reb89/highres/0/R2933510_15.jpg,https://cdn.realtor.ca/listing/TS638655067002900000/reb89/highres/0/R2933510_16.jpg,https://cdn.realtor.ca/listing/TS638655067003830000/reb89/highres/0/R2933510_17.jpg,https://cdn.realtor.ca/listing/TS638655066904970000/reb89/highres/0/R2933510_18.jpg,https://cdn.realtor.ca/listing/TS638655067010170000/reb89/highres/0/R2933510_19.jpg,https://cdn.realtor.ca/listing/TS638655066905000000/reb89/highres/0/R2933510_20.jpg,https://cdn.realtor.ca/listing/TS638655066905000000/reb89/highres/0/R2933510_21.jpg,https://cdn.realtor.ca/listing/TS638655066905230000/reb89/highres/0/R2933510_22.jpg,https://cdn.realtor.ca/listing/TS638655066889700000/reb89/highres/0/R2933510_23.jpg,https://cdn.realtor.ca/listing/TS638655067088570000/reb89/highres/0/R2933510_24.jpg,https://cdn.realtor.ca/listing/TS638655066905030000/reb89/highres/0/R2933510_25.jpg,https://cdn.realtor.ca/listing/TS638655067003770000/reb89/highres/0/R2933510_26.jpg,https://cdn.realtor.ca/listing/TS638655067004000000/reb89/highres/0/R2933510_27.jpg,https://cdn.realtor.ca/listing/TS638655067004000000/reb89/highres/0/R2933510_28.jpg,https://cdn.realtor.ca/listing/TS638655067088570000/reb89/highres/0/R2933510_29.jpg,https://cdn.realtor.ca/listing/TS638655067088400000/reb89/highres/0/R2933510_30.jpg,https://cdn.realtor.ca/listing/TS638655067088500000/reb89/highres/0/R2933510_31.jpg,https://cdn.realtor.ca/listing/TS638655067093700000/reb89/highres/0/R2933510_32.jpg,https://cdn.realtor.ca/listing/TS638655067088630000/reb89/highres/0/R2933510_33.jpg,https://cdn.realtor.ca/listing/TS638655067093630000/reb89/highres/0/R2933510_34.jpg,https://cdn.realtor.ca/listing/TS638655067088470000/reb89/highres/0/R2933510_35.jpg,https://cdn.realtor.ca/listing/TS638655067088370000/reb89/highres/0/R2933510_36.jpg,https://cdn.realtor.ca/listing/TS638655067088370000/reb89/highres/0/R2933510_37.jpg,https://cdn.realtor.ca/listing/TS638655067088600000/reb89/highres/0/R2933510_38.jpg,https://cdn.realtor.ca/listing/TS638655067088470000/reb89/highres/0/R2933510_39.jpg,https://cdn.realtor.ca/listing/TS638655067088400000/reb89/highres/0/R2933510_40.jpg
23,23,6,27606460,"Welcome to your new home! Tastefully renovated in 2014 and 2018. Fully-equipped master bathroom with his and her's sinks and both a standing rainfall shower system and a tub with a removable shower head. Features a large and spacious master bedroom and well kept second bedroom and bathroom. Includes an open den for your home office or your yoga studio. This home comes with a RARE 2-storey lay out with a spacious and open family room equipped with an electric fireplace AND a living room filled with abundance of natural light. Conveniently located across from Spul'u'Kwuks elementary school and right behind Save-on-Foods, shops and restaurants. Also minutes away from River road, Parks and a golf course. Open House: Nov 17 2-4pm. (30547419)",3,3,1446,1288000,Single Family,"9 5988 BLANSHARD DRIVE|Richmond, British Columbia V7C5W6",-123.18402,49.170714,V7C5W6,27606460,R2940959,"Welcome to your new home! Tastefully renovated in 2014 and 2018. Fully-equipped master bathroom with his and her's sinks and both a standing rainfall shower system and a tub with a removable shower head. Features a large and spacious master bedroom and well kept second bedroom and bathroom. Includes an open den for your home office or your yoga studio. This home comes with a RARE 2-storey lay out with a spacious and open family room equipped with an electric fireplace AND a living room filled with abundance of natural light. Conveniently located across from Spul'u'Kwuks elementary school and right behind Save-on-Foods, shops and restaurants. Also minutes away from River road, Parks and a golf course. Open House: Nov 17 2-4pm. (30547419)",Row / Townhouse,N/A,2 Level,2001,"Baseboard heaters, (Electric)",2001,Garage,2,Strata,$516.23 Monthly,"$3,682.28","$894,000",2020-03-25,https://cdn.realtor.ca/listing/TS638667109277830000/reb89/highres/9/R2940959_1.jpg,https://cdn.realtor.ca/listing/TS638667109176230000/reb89/highres/9/R2940959_2.jpg,https://cdn.realtor.ca/listing/TS638667109277770000/reb89/highres/9/R2940959_3.jpg,https://cdn.realtor.ca/listing/TS638667109179700000/reb89/highres/9/R2940959_4.jpg,https://cdn.realtor.ca/listing/TS638667109278170000/reb89/highres/9/R2940959_5.jpg,https://cdn.realtor.ca/listing/TS638667109205770000/reb89/highres/9/R2940959_6.jpg,https://cdn.realtor.ca/listing/TS638667109279400000/reb89/highres/9/R2940959_7.jpg,https://cdn.realtor.ca/listing/TS638667109277730000/reb89/highres/9/R2940959_8.jpg,https://cdn.realtor.ca/listing/TS638667109277000000/reb89/highres/9/R2940959_9.jpg,https://cdn.realtor.ca/listing/TS638667109277930000/reb89/highres/9/R2940959_10.jpg,https://cdn.realtor.ca/listing/TS638667109278070000/reb89/highres/9/R2940959_11.jpg,https://cdn.realtor.ca/listing/TS638667109277700000/reb89/highres/9/R2940959_12.jpg,https://cdn.realtor.ca/listing/TS638667109279330000/reb89/highres/9/R2940959_13.jpg,https://cdn.realtor.ca/listing/TS638667109277000000/reb89/highres/9/R2940959_14.jpg,https://cdn.realtor.ca/listing/TS638667109277870000/reb89/highres/9/R2940959_15.jpg,https://cdn.realtor.ca/listing/TS638667109279400000/reb89/highres/9/R2940959_16.jpg,https://cdn.realtor.ca/listing/TS638667109213870000/reb89/highres/9/R2940959_17.jpg,https://cdn.realtor.ca/listing/TS638667109279370000/reb89/highres/9/R2940959_18.jpg,https://cdn.realtor.ca/listing/TS638667109279370000/reb89/highres/9/R2940959_19.jpg,https://cdn.realtor.ca/listing/TS638667109279200000/reb89/highres/9/R2940959_20.jpg,,,,,,,,,,,,,,,,,,,,
24,24,5,27174584,"Discover ""Salisbury Lane"" by Polygon in the prestigious Terra Nova community. This beautiful corner unit townhome boasts 3 bedrooms plus 2 bathrooms, along with a spacious den on the main floor that can easily serve as a 4th bedroom. Enjoy a generous living area flooded with natural light, enhanced by 9' ceilings and an open kitchen concept. Residents of Salisbury Lane have access to outstanding recreation facilities, including an outdoor pool, hot tub, clubhouse, and exercise centre. The location is highly convenient, situated just minutes from Spul'u'kwuks Elementary and Burnett Secondary schools, Terra Nova Shopping Mall, Montessori daycare, and public transit options. Additionally, enjoy direct access to the waterfront dyke just steps away. OPEN HOUSE ON SUN (JULY 21) 12-2PM. (30080628)",2,3,1278,1288000,Single Family,"27 6179 NO. 1 ROAD|Richmond, British Columbia V7C1T4",-123.181459,49.167941,V7C1T4,27174584,R2906044,"Discover ""Salisbury Lane"" by Polygon in the prestigious Terra Nova community. This beautiful corner unit townhome boasts 3 bedrooms plus 2 bathrooms, along with a spacious den on the main floor that can easily serve as a 4th bedroom. Enjoy a generous living area flooded with natural light, enhanced by 9' ceilings and an open kitchen concept. Residents of Salisbury Lane have access to outstanding recreation facilities, including an outdoor pool, hot tub, clubhouse, and exercise centre. The location is highly convenient, situated just minutes from Spul'u'kwuks Elementary and Burnett Secondary schools, Terra Nova Shopping Mall, Montessori daycare, and public transit options. Additionally, enjoy direct access to the waterfront dyke just steps away. OPEN HOUSE ON SUN (JULY 21) 12-2PM. (30080628)",Row / Townhouse,N/A,N/A,1997,(Electric),1997,Garage,2,Strata,$361.90 Monthly,"$3,082.17","$537,000",2015-01-28,https://cdn.realtor.ca/listing/TS638567324088870000/reb89/highres/4/R2906044_1.jpg,https://cdn.realtor.ca/listing/TS638567324088470000/reb89/highres/4/R2906044_2.jpg,https://cdn.realtor.ca/listing/TS638567324085470000/reb89/highres/4/R2906044_3.jpg,https://cdn.realtor.ca/listing/TS638567324085470000/reb89/highres/4/R2906044_4.jpg,https://cdn.realtor.ca/listing/TS638567324053500000/reb89/highres/4/R2906044_5.jpg,https://cdn.realtor.ca/listing/TS638567324038730000/reb89/highres/4/R2906044_6.jpg,https://cdn.realtor.ca/listing/TS638567324031200000/reb89/highres/4/R2906044_7.jpg,https://cdn.realtor.ca/listing/TS638567324036830000/reb89/highres/4/R2906044_8.jpg,https://cdn.realtor.ca/listing/TS638567324085130000/reb89/highres/4/R2906044_9.jpg,https://cdn.realtor.ca/listing/TS638567324085000000/reb89/highres/4/R2906044_10.jpg,https://cdn.realtor.ca/listing/TS638567324025930000/reb89/highres/4/R2906044_11.jpg,https://cdn.realtor.ca/listing/TS638567324035330000/reb89/highres/4/R2906044_12.jpg,https://cdn.realtor.ca/listing/TS638567324025500000/reb89/highres/4/R2906044_13.jpg,https://cdn.realtor.ca/listing/TS638567324085070000/reb89/highres/4/R2906044_14.jpg,https://cdn.realtor.ca/listing/TS638567323982570000/reb89/highres/4/R2906044_15.jpg,https://cdn.realtor.ca/listing/TS638567324035330000/reb89/highres/4/R2906044_16.jpg,,,,,,,,,,,,,,,,,,,,,,,,
25,25,4,27620369,"Welcome to London Mews by Polygon in Terra Nova. The famous beautiful cherry blossom complex. This bright east Facing Townhouse features 3 good size bedrooms plus one Big Den. The Den could be the 4th bedroom. Great  quiet neighborhood, nice community with good ranking catchment schools: Spulukwuks  Elementary and Burnett Secondary. Well kept with Brand New painting. 5 mins to Nature  Dyke, shopping mall right across the street. Must See! Open house 2-4 on Sat Nov 9 (30562472)",2,3,1487,1068000,Single Family,"13 6331 NO. 1 ROAD|Richmond, British Columbia V7C1T4",-123.181559,49.167542,V7C1T4,,,,,,,,,,,,,,,,,,,,,,,,,,,,,,,,,,,,,,,,,,,,,,,,,,,,,,,,
26,26,3,27578978,"""Salisbury Lane"" in Terra Nova, 3 Bedrooms, 3 full Baths, North/South-facing, High Ceiling & gas fireplace in the main, Kitchen, Eating Area, Large balcony, Newer appliances, New paint inside, 2 large size bedrooms & 2 full bathrooms on the top level, 3rd bedroom w/3-pc bath ensuite below. Excellent clubhouse facilities include gym, swimming pool, swirl pool and meeting room. Walking distance to Terra Nova shopping center, Spul'u'Kwuks Elementary School & J.N. Burnett Secondary School. Close to public transit and Quilchena Golf & Country club, Terra Nova Rural Park. Please Touchbase or text for all showings. (30517629)",3,3,1243,1018000,Single Family,"22 6111 NO. 1 ROAD|Richmond, British Columbia V7C1T4",-123.181595,49.169434,V7C1T4,27578978,R2938651,"""Salisbury Lane"" in Terra Nova, 3 Bedrooms, 3 full Baths, North/South-facing, High Ceiling & gas fireplace in the main, Kitchen, Eating Area, Large balcony, Newer appliances, New paint inside, 2 large size bedrooms & 2 full bathrooms on the top level, 3rd bedroom w/3-pc bath ensuite below. Excellent clubhouse facilities include gym, swimming pool, swirl pool and meeting room. Walking distance to Terra Nova shopping center, Spul'u'Kwuks Elementary School & J.N. Burnett Secondary School. Close to public transit and Quilchena Golf & Country club, Terra Nova Rural Park. Please Touchbase or text for all showings. (30517629)",Row / Townhouse,N/A,N/A,1997,"Baseboard heaters, Forced air, (Natural gas)",1997,Garage,1,Strata,$316.01 Monthly,$0,"$656,000",2017-06-20,https://cdn.realtor.ca/listing/TS638654095682470000/reb89/highres/1/R2938651_1.jpg,https://cdn.realtor.ca/listing/TS638654095673000000/reb89/highres/1/R2938651_2.jpg,https://cdn.realtor.ca/listing/TS638654095673030000/reb89/highres/1/R2938651_3.jpg,https://cdn.realtor.ca/listing/TS638654095678430000/reb89/highres/1/R2938651_4.jpg,https://cdn.realtor.ca/listing/TS638654095673000000/reb89/highres/1/R2938651_5.jpg,https://cdn.realtor.ca/listing/TS638654095673170000/reb89/highres/1/R2938651_6.jpg,https://cdn.realtor.ca/listing/TS638654095679000000/reb89/highres/1/R2938651_7.jpg,https://cdn.realtor.ca/listing/TS638654095678400000/reb89/highres/1/R2938651_8.jpg,https://cdn.realtor.ca/listing/TS638654095672970000/reb89/highres/1/R2938651_9.jpg,https://cdn.realtor.ca/listing/TS638654095673130000/reb89/highres/1/R2938651_10.jpg,https://cdn.realtor.ca/listing/TS638654095672570000/reb89/highres/1/R2938651_11.jpg,https://cdn.realtor.ca/listing/TS638654095673030000/reb89/highres/1/R2938651_12.jpg,https://cdn.realtor.ca/listing/TS638654095673000000/reb89/highres/1/R2938651_13.jpg,https://cdn.realtor.ca/listing/TS638654095678900000/reb89/highres/1/R2938651_14.jpg,https://cdn.realtor.ca/listing/TS638654095675930000/reb89/highres/1/R2938651_15.jpg,https://cdn.realtor.ca/listing/TS638654095682470000/reb89/highres/1/R2938651_16.jpg,https://cdn.realtor.ca/listing/TS638654095659170000/reb89/highres/1/R2938651_17.jpg,https://cdn.realtor.ca/listing/TS638654095682470000/reb89/highres/1/R2938651_18.jpg,https://cdn.realtor.ca/listing/TS638654095682500000/reb89/highres/1/R2938651_19.jpg,https://cdn.realtor.ca/listing/TS638654095678730000/reb89/highres/1/R2938651_20.jpg,https://cdn.realtor.ca/listing/TS638654095679270000/reb89/highres/1/R2938651_21.jpg,,,,,,,,,,,,,,,,,,,
27,27,2,27456552,"Welcome to this quality built townhouse in prestigious Terra Nova! This 2 bed 2 full bath North facing home is bright and airy with features include 9' ceiling on main floor, engineer hardwood flooring, renovated kitchen and bathrooms, 2 balconies, and a level 2 EV charger! Situated in the centre of the complex that backs up to the tranquil walkway with plenty of outdoor space and fenced front yard and two balconies, perfect for small families & pet lovers. Enjoy all Terra Nova has to offer and just a short stroll to the Dyke trail, Nature park, adventure playground, community farm, shopping mall, and Quilchena golf course. Ideal school catchment- Spulu'kwuks Elementary and Burnett Secondary School. Check out the video: https://youtu.be/anUKKcrcG-o (30385096)",2,2,1081,999000,Single Family,"42 6588 BARNARD DRIVE|Richmond, British Columbia V7C5R8",-123.184099,49.167367,V7C5R8,,,,,,,,,,,,,,,,,,,,,,,,,,,,,,,,,,,,,,,,,,,,,,,,,,,,,,,,
28,28,1,27616593,"TERRA WEST in highly desirable TERRA NOVA community. Quality built 3 bedroom plus one den give you all the  space for your family. Includes granite countertops, deleuxe cabinetry, laminate flooring, superior soundproofing, gas strove ,air condition and hot water include in maintences fees. 2 parking 2 locker. Downstair with shops and close to shopping plaza. Electirc car charging station. huge vistor parking with open access. Spul'u'kwuks Elementary and Burnett Secondary. Easy to show OPEN HOUSE: Nov 16 2-4pm (30558339)",2,3,1128,899000,Single Family,"302 6011 NO. 1 ROAD|Richmond, British Columbia V7C1T4",-123.181615,49.169891,V7C1T4,,,,,,,,,,,,,,,,,,,,,,,,,,,,,,,,,,,,,,,,,,,,,,,,,,,,,,,,
29,29,0,27573921,"Welcome to this incredibly rare corner penthouse unit 3 bed 2 bath + den, balcony located on the quiet side of the building. Trails, golf course, Olympic Oval and Airport nearby. Open concept layout with quiet, bright spaces with air conditioning for your comfort! Don't miss out on this opportunity - schedule your viewing today! (30510216)",2,3,1171,899000,Single Family,"403 6011 NO. 1 ROAD|Richmond, British Columbia V7C1T4",-123.181277,49.169708,V7C1T4,27573921,R2936295,"Welcome to this incredibly rare corner penthouse unit 3 bed 2 bath + den, balcony located on the quiet side of the building. Trails, golf course, Olympic Oval and Airport nearby. Open concept layout with quiet, bright spaces with air conditioning for your comfort! Don't miss out on this opportunity - schedule your viewing today! (30510216)",Apartment,N/A,N/A,2014,(Geo Thermal),2014,Underground,2,Strata,$450 Monthly,"$2,698.01","$620,000",2015-09-22,https://cdn.realtor.ca/listing/TS638654346757230000/reb89/highres/5/R2936295_1.jpg,https://cdn.realtor.ca/listing/TS638654346757400000/reb89/highres/5/R2936295_2.jpg,https://cdn.realtor.ca/listing/TS638654346757170000/reb89/highres/5/R2936295_3.jpg,https://cdn.realtor.ca/listing/TS638654346757170000/reb89/highres/5/R2936295_4.jpg,https://cdn.realtor.ca/listing/TS638654346753770000/reb89/highres/5/R2936295_5.jpg,https://cdn.realtor.ca/listing/TS638654346766830000/reb89/highres/5/R2936295_6.jpg,https://cdn.realtor.ca/listing/TS638654346753600000/reb89/highres/5/R2936295_7.jpg,,,,,,,,,,,,,,,,,,,,,,,,,,,,,,,,,
